-- phpMyAdmin SQL Dump
-- version 5.2.1
-- https://www.phpmyadmin.net/
--
-- Host: localhost
-- Generation Time: Apr 03, 2025 at 04:07 AM
-- Server version: 10.4.28-MariaDB
-- PHP Version: 8.2.4

SET SQL_MODE = "NO_AUTO_VALUE_ON_ZERO";
START TRANSACTION;
SET time_zone = "+00:00";


/*!40101 SET @OLD_CHARACTER_SET_CLIENT=@@CHARACTER_SET_CLIENT */;
/*!40101 SET @OLD_CHARACTER_SET_RESULTS=@@CHARACTER_SET_RESULTS */;
/*!40101 SET @OLD_COLLATION_CONNECTION=@@COLLATION_CONNECTION */;
/*!40101 SET NAMES utf8mb4 */;

--
-- Database: `resource_africa`
--

-- --------------------------------------------------------

--
-- Table structure for table `animal_control_records`
--

CREATE TABLE `animal_control_records` (
  `id` bigint(20) UNSIGNED NOT NULL,
  `organisation_id` bigint(20) UNSIGNED NOT NULL,
  `species_id` bigint(20) UNSIGNED NOT NULL,
  `period` year(4) NOT NULL,
  `number_of_cases` int(11) NOT NULL DEFAULT 0,
  `killed` int(11) NOT NULL DEFAULT 0,
  `relocated` int(11) NOT NULL DEFAULT 0,
  `scared` int(11) NOT NULL DEFAULT 0,
  `injured` int(11) NOT NULL DEFAULT 0,
  `created_at` timestamp NULL DEFAULT NULL,
  `updated_at` timestamp NULL DEFAULT NULL
) ENGINE=InnoDB DEFAULT CHARSET=utf8mb4 COLLATE=utf8mb4_unicode_ci;

-- --------------------------------------------------------

--
-- Table structure for table `cache`
--

CREATE TABLE `cache` (
  `key` varchar(255) NOT NULL,
  `value` mediumtext NOT NULL,
  `expiration` int(11) NOT NULL
) ENGINE=InnoDB DEFAULT CHARSET=utf8mb4 COLLATE=utf8mb4_unicode_ci;

--
-- Dumping data for table `cache`
--

INSERT INTO `cache` (`key`, `value`, `expiration`) VALUES
('spatie.permission.cache', 'a:3:{s:5:\"alias\";a:5:{s:1:\"a\";s:2:\"id\";s:1:\"b\";s:4:\"name\";s:1:\"c\";s:10:\"guard_name\";s:1:\"r\";s:5:\"roles\";s:1:\"j\";s:15:\"organisation_id\";}s:11:\"permissions\";a:70:{i:0;a:4:{s:1:\"a\";i:1;s:1:\"b\";s:12:\"view-generic\";s:1:\"c\";s:3:\"web\";s:1:\"r\";a:5:{i:0;i:2;i:1;i:3;i:2;i:4;i:3;i:22;i:4;i:48;}}i:1;a:4:{s:1:\"a\";i:2;s:1:\"b\";s:14:\"create-generic\";s:1:\"c\";s:3:\"web\";s:1:\"r\";a:5:{i:0;i:2;i:1;i:3;i:2;i:4;i:3;i:22;i:4;i:48;}}i:2;a:4:{s:1:\"a\";i:3;s:1:\"b\";s:12:\"read-generic\";s:1:\"c\";s:3:\"web\";s:1:\"r\";a:5:{i:0;i:2;i:1;i:3;i:2;i:4;i:3;i:22;i:4;i:48;}}i:3;a:4:{s:1:\"a\";i:4;s:1:\"b\";s:14:\"update-generic\";s:1:\"c\";s:3:\"web\";s:1:\"r\";a:5:{i:0;i:2;i:1;i:3;i:2;i:4;i:3;i:22;i:4;i:48;}}i:4;a:4:{s:1:\"a\";i:5;s:1:\"b\";s:14:\"delete-generic\";s:1:\"c\";s:3:\"web\";s:1:\"r\";a:5:{i:0;i:2;i:1;i:3;i:2;i:4;i:3;i:22;i:4;i:48;}}i:5;a:4:{s:1:\"a\";i:6;s:1:\"b\";s:13:\"view-wildlife\";s:1:\"c\";s:3:\"web\";s:1:\"r\";a:48:{i:0;i:1;i:1;i:2;i:2;i:3;i:3;i:4;i:4;i:5;i:5;i:6;i:6;i:7;i:7;i:8;i:8;i:9;i:9;i:10;i:10;i:11;i:11;i:12;i:12;i:13;i:13;i:14;i:14;i:15;i:15;i:16;i:16;i:17;i:17;i:18;i:18;i:19;i:19;i:20;i:20;i:21;i:21;i:22;i:22;i:23;i:23;i:24;i:24;i:25;i:25;i:26;i:26;i:27;i:27;i:28;i:28;i:29;i:29;i:30;i:30;i:31;i:31;i:32;i:32;i:33;i:33;i:34;i:34;i:35;i:35;i:36;i:36;i:37;i:37;i:38;i:38;i:39;i:39;i:40;i:40;i:41;i:41;i:42;i:42;i:43;i:43;i:44;i:44;i:45;i:45;i:46;i:46;i:47;i:47;i:48;}}i:6;a:4:{s:1:\"a\";i:7;s:1:\"b\";s:15:\"create-wildlife\";s:1:\"c\";s:3:\"web\";s:1:\"r\";a:48:{i:0;i:1;i:1;i:2;i:2;i:3;i:3;i:4;i:4;i:5;i:5;i:6;i:6;i:7;i:7;i:8;i:8;i:9;i:9;i:10;i:10;i:11;i:11;i:12;i:12;i:13;i:13;i:14;i:14;i:15;i:15;i:16;i:16;i:17;i:17;i:18;i:18;i:19;i:19;i:20;i:20;i:21;i:21;i:22;i:22;i:23;i:23;i:24;i:24;i:25;i:25;i:26;i:26;i:27;i:27;i:28;i:28;i:29;i:29;i:30;i:30;i:31;i:31;i:32;i:32;i:33;i:33;i:34;i:34;i:35;i:35;i:36;i:36;i:37;i:37;i:38;i:38;i:39;i:39;i:40;i:40;i:41;i:41;i:42;i:42;i:43;i:43;i:44;i:44;i:45;i:45;i:46;i:46;i:47;i:47;i:48;}}i:7;a:4:{s:1:\"a\";i:8;s:1:\"b\";s:13:\"read-wildlife\";s:1:\"c\";s:3:\"web\";s:1:\"r\";a:48:{i:0;i:1;i:1;i:2;i:2;i:3;i:3;i:4;i:4;i:5;i:5;i:6;i:6;i:7;i:7;i:8;i:8;i:9;i:9;i:10;i:10;i:11;i:11;i:12;i:12;i:13;i:13;i:14;i:14;i:15;i:15;i:16;i:16;i:17;i:17;i:18;i:18;i:19;i:19;i:20;i:20;i:21;i:21;i:22;i:22;i:23;i:23;i:24;i:24;i:25;i:25;i:26;i:26;i:27;i:27;i:28;i:28;i:29;i:29;i:30;i:30;i:31;i:31;i:32;i:32;i:33;i:33;i:34;i:34;i:35;i:35;i:36;i:36;i:37;i:37;i:38;i:38;i:39;i:39;i:40;i:40;i:41;i:41;i:42;i:42;i:43;i:43;i:44;i:44;i:45;i:45;i:46;i:46;i:47;i:47;i:48;}}i:8;a:4:{s:1:\"a\";i:9;s:1:\"b\";s:15:\"update-wildlife\";s:1:\"c\";s:3:\"web\";s:1:\"r\";a:48:{i:0;i:1;i:1;i:2;i:2;i:3;i:3;i:4;i:4;i:5;i:5;i:6;i:6;i:7;i:7;i:8;i:8;i:9;i:9;i:10;i:10;i:11;i:11;i:12;i:12;i:13;i:13;i:14;i:14;i:15;i:15;i:16;i:16;i:17;i:17;i:18;i:18;i:19;i:19;i:20;i:20;i:21;i:21;i:22;i:22;i:23;i:23;i:24;i:24;i:25;i:25;i:26;i:26;i:27;i:27;i:28;i:28;i:29;i:29;i:30;i:30;i:31;i:31;i:32;i:32;i:33;i:33;i:34;i:34;i:35;i:35;i:36;i:36;i:37;i:37;i:38;i:38;i:39;i:39;i:40;i:40;i:41;i:41;i:42;i:42;i:43;i:43;i:44;i:44;i:45;i:45;i:46;i:46;i:47;i:47;i:48;}}i:9;a:4:{s:1:\"a\";i:10;s:1:\"b\";s:15:\"delete-wildlife\";s:1:\"c\";s:3:\"web\";s:1:\"r\";a:48:{i:0;i:1;i:1;i:2;i:2;i:3;i:3;i:4;i:4;i:5;i:5;i:6;i:6;i:7;i:7;i:8;i:8;i:9;i:9;i:10;i:10;i:11;i:11;i:12;i:12;i:13;i:13;i:14;i:14;i:15;i:15;i:16;i:16;i:17;i:17;i:18;i:18;i:19;i:19;i:20;i:20;i:21;i:21;i:22;i:22;i:23;i:23;i:24;i:24;i:25;i:25;i:26;i:26;i:27;i:27;i:28;i:28;i:29;i:29;i:30;i:30;i:31;i:31;i:32;i:32;i:33;i:33;i:34;i:34;i:35;i:35;i:36;i:36;i:37;i:37;i:38;i:38;i:39;i:39;i:40;i:40;i:41;i:41;i:42;i:42;i:43;i:43;i:44;i:44;i:45;i:45;i:46;i:46;i:47;i:47;i:48;}}i:10;a:4:{s:1:\"a\";i:11;s:1:\"b\";s:24:\"view-population-estimate\";s:1:\"c\";s:3:\"web\";s:1:\"r\";a:48:{i:0;i:1;i:1;i:2;i:2;i:3;i:3;i:4;i:4;i:5;i:5;i:6;i:6;i:7;i:7;i:8;i:8;i:9;i:9;i:10;i:10;i:11;i:11;i:12;i:12;i:13;i:13;i:14;i:14;i:15;i:15;i:16;i:16;i:17;i:17;i:18;i:18;i:19;i:19;i:20;i:20;i:21;i:21;i:22;i:22;i:23;i:23;i:24;i:24;i:25;i:25;i:26;i:26;i:27;i:27;i:28;i:28;i:29;i:29;i:30;i:30;i:31;i:31;i:32;i:32;i:33;i:33;i:34;i:34;i:35;i:35;i:36;i:36;i:37;i:37;i:38;i:38;i:39;i:39;i:40;i:40;i:41;i:41;i:42;i:42;i:43;i:43;i:44;i:44;i:45;i:45;i:46;i:46;i:47;i:47;i:48;}}i:11;a:4:{s:1:\"a\";i:12;s:1:\"b\";s:26:\"create-population-estimate\";s:1:\"c\";s:3:\"web\";s:1:\"r\";a:48:{i:0;i:1;i:1;i:2;i:2;i:3;i:3;i:4;i:4;i:5;i:5;i:6;i:6;i:7;i:7;i:8;i:8;i:9;i:9;i:10;i:10;i:11;i:11;i:12;i:12;i:13;i:13;i:14;i:14;i:15;i:15;i:16;i:16;i:17;i:17;i:18;i:18;i:19;i:19;i:20;i:20;i:21;i:21;i:22;i:22;i:23;i:23;i:24;i:24;i:25;i:25;i:26;i:26;i:27;i:27;i:28;i:28;i:29;i:29;i:30;i:30;i:31;i:31;i:32;i:32;i:33;i:33;i:34;i:34;i:35;i:35;i:36;i:36;i:37;i:37;i:38;i:38;i:39;i:39;i:40;i:40;i:41;i:41;i:42;i:42;i:43;i:43;i:44;i:44;i:45;i:45;i:46;i:46;i:47;i:47;i:48;}}i:12;a:4:{s:1:\"a\";i:13;s:1:\"b\";s:24:\"read-population-estimate\";s:1:\"c\";s:3:\"web\";s:1:\"r\";a:48:{i:0;i:1;i:1;i:2;i:2;i:3;i:3;i:4;i:4;i:5;i:5;i:6;i:6;i:7;i:7;i:8;i:8;i:9;i:9;i:10;i:10;i:11;i:11;i:12;i:12;i:13;i:13;i:14;i:14;i:15;i:15;i:16;i:16;i:17;i:17;i:18;i:18;i:19;i:19;i:20;i:20;i:21;i:21;i:22;i:22;i:23;i:23;i:24;i:24;i:25;i:25;i:26;i:26;i:27;i:27;i:28;i:28;i:29;i:29;i:30;i:30;i:31;i:31;i:32;i:32;i:33;i:33;i:34;i:34;i:35;i:35;i:36;i:36;i:37;i:37;i:38;i:38;i:39;i:39;i:40;i:40;i:41;i:41;i:42;i:42;i:43;i:43;i:44;i:44;i:45;i:45;i:46;i:46;i:47;i:47;i:48;}}i:13;a:4:{s:1:\"a\";i:14;s:1:\"b\";s:26:\"update-population-estimate\";s:1:\"c\";s:3:\"web\";s:1:\"r\";a:48:{i:0;i:1;i:1;i:2;i:2;i:3;i:3;i:4;i:4;i:5;i:5;i:6;i:6;i:7;i:7;i:8;i:8;i:9;i:9;i:10;i:10;i:11;i:11;i:12;i:12;i:13;i:13;i:14;i:14;i:15;i:15;i:16;i:16;i:17;i:17;i:18;i:18;i:19;i:19;i:20;i:20;i:21;i:21;i:22;i:22;i:23;i:23;i:24;i:24;i:25;i:25;i:26;i:26;i:27;i:27;i:28;i:28;i:29;i:29;i:30;i:30;i:31;i:31;i:32;i:32;i:33;i:33;i:34;i:34;i:35;i:35;i:36;i:36;i:37;i:37;i:38;i:38;i:39;i:39;i:40;i:40;i:41;i:41;i:42;i:42;i:43;i:43;i:44;i:44;i:45;i:45;i:46;i:46;i:47;i:47;i:48;}}i:14;a:4:{s:1:\"a\";i:15;s:1:\"b\";s:26:\"delete-population-estimate\";s:1:\"c\";s:3:\"web\";s:1:\"r\";a:48:{i:0;i:1;i:1;i:2;i:2;i:3;i:3;i:4;i:4;i:5;i:5;i:6;i:6;i:7;i:7;i:8;i:8;i:9;i:9;i:10;i:10;i:11;i:11;i:12;i:12;i:13;i:13;i:14;i:14;i:15;i:15;i:16;i:16;i:17;i:17;i:18;i:18;i:19;i:19;i:20;i:20;i:21;i:21;i:22;i:22;i:23;i:23;i:24;i:24;i:25;i:25;i:26;i:26;i:27;i:27;i:28;i:28;i:29;i:29;i:30;i:30;i:31;i:31;i:32;i:32;i:33;i:33;i:34;i:34;i:35;i:35;i:36;i:36;i:37;i:37;i:38;i:38;i:39;i:39;i:40;i:40;i:41;i:41;i:42;i:42;i:43;i:43;i:44;i:44;i:45;i:45;i:46;i:46;i:47;i:47;i:48;}}i:15;a:4:{s:1:\"a\";i:16;s:1:\"b\";s:18:\"view-quota-setting\";s:1:\"c\";s:3:\"web\";s:1:\"r\";a:48:{i:0;i:1;i:1;i:2;i:2;i:3;i:3;i:4;i:4;i:5;i:5;i:6;i:6;i:7;i:7;i:8;i:8;i:9;i:9;i:10;i:10;i:11;i:11;i:12;i:12;i:13;i:13;i:14;i:14;i:15;i:15;i:16;i:16;i:17;i:17;i:18;i:18;i:19;i:19;i:20;i:20;i:21;i:21;i:22;i:22;i:23;i:23;i:24;i:24;i:25;i:25;i:26;i:26;i:27;i:27;i:28;i:28;i:29;i:29;i:30;i:30;i:31;i:31;i:32;i:32;i:33;i:33;i:34;i:34;i:35;i:35;i:36;i:36;i:37;i:37;i:38;i:38;i:39;i:39;i:40;i:40;i:41;i:41;i:42;i:42;i:43;i:43;i:44;i:44;i:45;i:45;i:46;i:46;i:47;i:47;i:48;}}i:16;a:4:{s:1:\"a\";i:17;s:1:\"b\";s:20:\"create-quota-setting\";s:1:\"c\";s:3:\"web\";s:1:\"r\";a:48:{i:0;i:1;i:1;i:2;i:2;i:3;i:3;i:4;i:4;i:5;i:5;i:6;i:6;i:7;i:7;i:8;i:8;i:9;i:9;i:10;i:10;i:11;i:11;i:12;i:12;i:13;i:13;i:14;i:14;i:15;i:15;i:16;i:16;i:17;i:17;i:18;i:18;i:19;i:19;i:20;i:20;i:21;i:21;i:22;i:22;i:23;i:23;i:24;i:24;i:25;i:25;i:26;i:26;i:27;i:27;i:28;i:28;i:29;i:29;i:30;i:30;i:31;i:31;i:32;i:32;i:33;i:33;i:34;i:34;i:35;i:35;i:36;i:36;i:37;i:37;i:38;i:38;i:39;i:39;i:40;i:40;i:41;i:41;i:42;i:42;i:43;i:43;i:44;i:44;i:45;i:45;i:46;i:46;i:47;i:47;i:48;}}i:17;a:4:{s:1:\"a\";i:18;s:1:\"b\";s:18:\"read-quota-setting\";s:1:\"c\";s:3:\"web\";s:1:\"r\";a:48:{i:0;i:1;i:1;i:2;i:2;i:3;i:3;i:4;i:4;i:5;i:5;i:6;i:6;i:7;i:7;i:8;i:8;i:9;i:9;i:10;i:10;i:11;i:11;i:12;i:12;i:13;i:13;i:14;i:14;i:15;i:15;i:16;i:16;i:17;i:17;i:18;i:18;i:19;i:19;i:20;i:20;i:21;i:21;i:22;i:22;i:23;i:23;i:24;i:24;i:25;i:25;i:26;i:26;i:27;i:27;i:28;i:28;i:29;i:29;i:30;i:30;i:31;i:31;i:32;i:32;i:33;i:33;i:34;i:34;i:35;i:35;i:36;i:36;i:37;i:37;i:38;i:38;i:39;i:39;i:40;i:40;i:41;i:41;i:42;i:42;i:43;i:43;i:44;i:44;i:45;i:45;i:46;i:46;i:47;i:47;i:48;}}i:18;a:4:{s:1:\"a\";i:19;s:1:\"b\";s:20:\"update-quota-setting\";s:1:\"c\";s:3:\"web\";s:1:\"r\";a:48:{i:0;i:1;i:1;i:2;i:2;i:3;i:3;i:4;i:4;i:5;i:5;i:6;i:6;i:7;i:7;i:8;i:8;i:9;i:9;i:10;i:10;i:11;i:11;i:12;i:12;i:13;i:13;i:14;i:14;i:15;i:15;i:16;i:16;i:17;i:17;i:18;i:18;i:19;i:19;i:20;i:20;i:21;i:21;i:22;i:22;i:23;i:23;i:24;i:24;i:25;i:25;i:26;i:26;i:27;i:27;i:28;i:28;i:29;i:29;i:30;i:30;i:31;i:31;i:32;i:32;i:33;i:33;i:34;i:34;i:35;i:35;i:36;i:36;i:37;i:37;i:38;i:38;i:39;i:39;i:40;i:40;i:41;i:41;i:42;i:42;i:43;i:43;i:44;i:44;i:45;i:45;i:46;i:46;i:47;i:47;i:48;}}i:19;a:4:{s:1:\"a\";i:20;s:1:\"b\";s:20:\"delete-quota-setting\";s:1:\"c\";s:3:\"web\";s:1:\"r\";a:48:{i:0;i:1;i:1;i:2;i:2;i:3;i:3;i:4;i:4;i:5;i:5;i:6;i:6;i:7;i:7;i:8;i:8;i:9;i:9;i:10;i:10;i:11;i:11;i:12;i:12;i:13;i:13;i:14;i:14;i:15;i:15;i:16;i:16;i:17;i:17;i:18;i:18;i:19;i:19;i:20;i:20;i:21;i:21;i:22;i:22;i:23;i:23;i:24;i:24;i:25;i:25;i:26;i:26;i:27;i:27;i:28;i:28;i:29;i:29;i:30;i:30;i:31;i:31;i:32;i:32;i:33;i:33;i:34;i:34;i:35;i:35;i:36;i:36;i:37;i:37;i:38;i:38;i:39;i:39;i:40;i:40;i:41;i:41;i:42;i:42;i:43;i:43;i:44;i:44;i:45;i:45;i:46;i:46;i:47;i:47;i:48;}}i:20;a:4:{s:1:\"a\";i:21;s:1:\"b\";s:23:\"view-hunting-concession\";s:1:\"c\";s:3:\"web\";s:1:\"r\";a:48:{i:0;i:1;i:1;i:2;i:2;i:3;i:3;i:4;i:4;i:5;i:5;i:6;i:6;i:7;i:7;i:8;i:8;i:9;i:9;i:10;i:10;i:11;i:11;i:12;i:12;i:13;i:13;i:14;i:14;i:15;i:15;i:16;i:16;i:17;i:17;i:18;i:18;i:19;i:19;i:20;i:20;i:21;i:21;i:22;i:22;i:23;i:23;i:24;i:24;i:25;i:25;i:26;i:26;i:27;i:27;i:28;i:28;i:29;i:29;i:30;i:30;i:31;i:31;i:32;i:32;i:33;i:33;i:34;i:34;i:35;i:35;i:36;i:36;i:37;i:37;i:38;i:38;i:39;i:39;i:40;i:40;i:41;i:41;i:42;i:42;i:43;i:43;i:44;i:44;i:45;i:45;i:46;i:46;i:47;i:47;i:48;}}i:21;a:4:{s:1:\"a\";i:22;s:1:\"b\";s:25:\"create-hunting-concession\";s:1:\"c\";s:3:\"web\";s:1:\"r\";a:48:{i:0;i:1;i:1;i:2;i:2;i:3;i:3;i:4;i:4;i:5;i:5;i:6;i:6;i:7;i:7;i:8;i:8;i:9;i:9;i:10;i:10;i:11;i:11;i:12;i:12;i:13;i:13;i:14;i:14;i:15;i:15;i:16;i:16;i:17;i:17;i:18;i:18;i:19;i:19;i:20;i:20;i:21;i:21;i:22;i:22;i:23;i:23;i:24;i:24;i:25;i:25;i:26;i:26;i:27;i:27;i:28;i:28;i:29;i:29;i:30;i:30;i:31;i:31;i:32;i:32;i:33;i:33;i:34;i:34;i:35;i:35;i:36;i:36;i:37;i:37;i:38;i:38;i:39;i:39;i:40;i:40;i:41;i:41;i:42;i:42;i:43;i:43;i:44;i:44;i:45;i:45;i:46;i:46;i:47;i:47;i:48;}}i:22;a:4:{s:1:\"a\";i:23;s:1:\"b\";s:23:\"read-hunting-concession\";s:1:\"c\";s:3:\"web\";s:1:\"r\";a:48:{i:0;i:1;i:1;i:2;i:2;i:3;i:3;i:4;i:4;i:5;i:5;i:6;i:6;i:7;i:7;i:8;i:8;i:9;i:9;i:10;i:10;i:11;i:11;i:12;i:12;i:13;i:13;i:14;i:14;i:15;i:15;i:16;i:16;i:17;i:17;i:18;i:18;i:19;i:19;i:20;i:20;i:21;i:21;i:22;i:22;i:23;i:23;i:24;i:24;i:25;i:25;i:26;i:26;i:27;i:27;i:28;i:28;i:29;i:29;i:30;i:30;i:31;i:31;i:32;i:32;i:33;i:33;i:34;i:34;i:35;i:35;i:36;i:36;i:37;i:37;i:38;i:38;i:39;i:39;i:40;i:40;i:41;i:41;i:42;i:42;i:43;i:43;i:44;i:44;i:45;i:45;i:46;i:46;i:47;i:47;i:48;}}i:23;a:4:{s:1:\"a\";i:24;s:1:\"b\";s:25:\"update-hunting-concession\";s:1:\"c\";s:3:\"web\";s:1:\"r\";a:48:{i:0;i:1;i:1;i:2;i:2;i:3;i:3;i:4;i:4;i:5;i:5;i:6;i:6;i:7;i:7;i:8;i:8;i:9;i:9;i:10;i:10;i:11;i:11;i:12;i:12;i:13;i:13;i:14;i:14;i:15;i:15;i:16;i:16;i:17;i:17;i:18;i:18;i:19;i:19;i:20;i:20;i:21;i:21;i:22;i:22;i:23;i:23;i:24;i:24;i:25;i:25;i:26;i:26;i:27;i:27;i:28;i:28;i:29;i:29;i:30;i:30;i:31;i:31;i:32;i:32;i:33;i:33;i:34;i:34;i:35;i:35;i:36;i:36;i:37;i:37;i:38;i:38;i:39;i:39;i:40;i:40;i:41;i:41;i:42;i:42;i:43;i:43;i:44;i:44;i:45;i:45;i:46;i:46;i:47;i:47;i:48;}}i:24;a:4:{s:1:\"a\";i:25;s:1:\"b\";s:25:\"delete-hunting-concession\";s:1:\"c\";s:3:\"web\";s:1:\"r\";a:48:{i:0;i:1;i:1;i:2;i:2;i:3;i:3;i:4;i:4;i:5;i:5;i:6;i:6;i:7;i:7;i:8;i:8;i:9;i:9;i:10;i:10;i:11;i:11;i:12;i:12;i:13;i:13;i:14;i:14;i:15;i:15;i:16;i:16;i:17;i:17;i:18;i:18;i:19;i:19;i:20;i:20;i:21;i:21;i:22;i:22;i:23;i:23;i:24;i:24;i:25;i:25;i:26;i:26;i:27;i:27;i:28;i:28;i:29;i:29;i:30;i:30;i:31;i:31;i:32;i:32;i:33;i:33;i:34;i:34;i:35;i:35;i:36;i:36;i:37;i:37;i:38;i:38;i:39;i:39;i:40;i:40;i:41;i:41;i:42;i:42;i:43;i:43;i:44;i:44;i:45;i:45;i:46;i:46;i:47;i:47;i:48;}}i:25;a:4:{s:1:\"a\";i:26;s:1:\"b\";s:19:\"view-hunting-client\";s:1:\"c\";s:3:\"web\";s:1:\"r\";a:48:{i:0;i:1;i:1;i:2;i:2;i:3;i:3;i:4;i:4;i:5;i:5;i:6;i:6;i:7;i:7;i:8;i:8;i:9;i:9;i:10;i:10;i:11;i:11;i:12;i:12;i:13;i:13;i:14;i:14;i:15;i:15;i:16;i:16;i:17;i:17;i:18;i:18;i:19;i:19;i:20;i:20;i:21;i:21;i:22;i:22;i:23;i:23;i:24;i:24;i:25;i:25;i:26;i:26;i:27;i:27;i:28;i:28;i:29;i:29;i:30;i:30;i:31;i:31;i:32;i:32;i:33;i:33;i:34;i:34;i:35;i:35;i:36;i:36;i:37;i:37;i:38;i:38;i:39;i:39;i:40;i:40;i:41;i:41;i:42;i:42;i:43;i:43;i:44;i:44;i:45;i:45;i:46;i:46;i:47;i:47;i:48;}}i:26;a:4:{s:1:\"a\";i:27;s:1:\"b\";s:21:\"create-hunting-client\";s:1:\"c\";s:3:\"web\";s:1:\"r\";a:48:{i:0;i:1;i:1;i:2;i:2;i:3;i:3;i:4;i:4;i:5;i:5;i:6;i:6;i:7;i:7;i:8;i:8;i:9;i:9;i:10;i:10;i:11;i:11;i:12;i:12;i:13;i:13;i:14;i:14;i:15;i:15;i:16;i:16;i:17;i:17;i:18;i:18;i:19;i:19;i:20;i:20;i:21;i:21;i:22;i:22;i:23;i:23;i:24;i:24;i:25;i:25;i:26;i:26;i:27;i:27;i:28;i:28;i:29;i:29;i:30;i:30;i:31;i:31;i:32;i:32;i:33;i:33;i:34;i:34;i:35;i:35;i:36;i:36;i:37;i:37;i:38;i:38;i:39;i:39;i:40;i:40;i:41;i:41;i:42;i:42;i:43;i:43;i:44;i:44;i:45;i:45;i:46;i:46;i:47;i:47;i:48;}}i:27;a:4:{s:1:\"a\";i:28;s:1:\"b\";s:19:\"read-hunting-client\";s:1:\"c\";s:3:\"web\";s:1:\"r\";a:48:{i:0;i:1;i:1;i:2;i:2;i:3;i:3;i:4;i:4;i:5;i:5;i:6;i:6;i:7;i:7;i:8;i:8;i:9;i:9;i:10;i:10;i:11;i:11;i:12;i:12;i:13;i:13;i:14;i:14;i:15;i:15;i:16;i:16;i:17;i:17;i:18;i:18;i:19;i:19;i:20;i:20;i:21;i:21;i:22;i:22;i:23;i:23;i:24;i:24;i:25;i:25;i:26;i:26;i:27;i:27;i:28;i:28;i:29;i:29;i:30;i:30;i:31;i:31;i:32;i:32;i:33;i:33;i:34;i:34;i:35;i:35;i:36;i:36;i:37;i:37;i:38;i:38;i:39;i:39;i:40;i:40;i:41;i:41;i:42;i:42;i:43;i:43;i:44;i:44;i:45;i:45;i:46;i:46;i:47;i:47;i:48;}}i:28;a:4:{s:1:\"a\";i:29;s:1:\"b\";s:21:\"update-hunting-client\";s:1:\"c\";s:3:\"web\";s:1:\"r\";a:48:{i:0;i:1;i:1;i:2;i:2;i:3;i:3;i:4;i:4;i:5;i:5;i:6;i:6;i:7;i:7;i:8;i:8;i:9;i:9;i:10;i:10;i:11;i:11;i:12;i:12;i:13;i:13;i:14;i:14;i:15;i:15;i:16;i:16;i:17;i:17;i:18;i:18;i:19;i:19;i:20;i:20;i:21;i:21;i:22;i:22;i:23;i:23;i:24;i:24;i:25;i:25;i:26;i:26;i:27;i:27;i:28;i:28;i:29;i:29;i:30;i:30;i:31;i:31;i:32;i:32;i:33;i:33;i:34;i:34;i:35;i:35;i:36;i:36;i:37;i:37;i:38;i:38;i:39;i:39;i:40;i:40;i:41;i:41;i:42;i:42;i:43;i:43;i:44;i:44;i:45;i:45;i:46;i:46;i:47;i:47;i:48;}}i:29;a:4:{s:1:\"a\";i:30;s:1:\"b\";s:21:\"delete-hunting-client\";s:1:\"c\";s:3:\"web\";s:1:\"r\";a:48:{i:0;i:1;i:1;i:2;i:2;i:3;i:3;i:4;i:4;i:5;i:5;i:6;i:6;i:7;i:7;i:8;i:8;i:9;i:9;i:10;i:10;i:11;i:11;i:12;i:12;i:13;i:13;i:14;i:14;i:15;i:15;i:16;i:16;i:17;i:17;i:18;i:18;i:19;i:19;i:20;i:20;i:21;i:21;i:22;i:22;i:23;i:23;i:24;i:24;i:25;i:25;i:26;i:26;i:27;i:27;i:28;i:28;i:29;i:29;i:30;i:30;i:31;i:31;i:32;i:32;i:33;i:33;i:34;i:34;i:35;i:35;i:36;i:36;i:37;i:37;i:38;i:38;i:39;i:39;i:40;i:40;i:41;i:41;i:42;i:42;i:43;i:43;i:44;i:44;i:45;i:45;i:46;i:46;i:47;i:47;i:48;}}i:30;a:4:{s:1:\"a\";i:31;s:1:\"b\";s:21:\"view-hunting-activity\";s:1:\"c\";s:3:\"web\";s:1:\"r\";a:48:{i:0;i:1;i:1;i:2;i:2;i:3;i:3;i:4;i:4;i:5;i:5;i:6;i:6;i:7;i:7;i:8;i:8;i:9;i:9;i:10;i:10;i:11;i:11;i:12;i:12;i:13;i:13;i:14;i:14;i:15;i:15;i:16;i:16;i:17;i:17;i:18;i:18;i:19;i:19;i:20;i:20;i:21;i:21;i:22;i:22;i:23;i:23;i:24;i:24;i:25;i:25;i:26;i:26;i:27;i:27;i:28;i:28;i:29;i:29;i:30;i:30;i:31;i:31;i:32;i:32;i:33;i:33;i:34;i:34;i:35;i:35;i:36;i:36;i:37;i:37;i:38;i:38;i:39;i:39;i:40;i:40;i:41;i:41;i:42;i:42;i:43;i:43;i:44;i:44;i:45;i:45;i:46;i:46;i:47;i:47;i:48;}}i:31;a:4:{s:1:\"a\";i:32;s:1:\"b\";s:23:\"create-hunting-activity\";s:1:\"c\";s:3:\"web\";s:1:\"r\";a:48:{i:0;i:1;i:1;i:2;i:2;i:3;i:3;i:4;i:4;i:5;i:5;i:6;i:6;i:7;i:7;i:8;i:8;i:9;i:9;i:10;i:10;i:11;i:11;i:12;i:12;i:13;i:13;i:14;i:14;i:15;i:15;i:16;i:16;i:17;i:17;i:18;i:18;i:19;i:19;i:20;i:20;i:21;i:21;i:22;i:22;i:23;i:23;i:24;i:24;i:25;i:25;i:26;i:26;i:27;i:27;i:28;i:28;i:29;i:29;i:30;i:30;i:31;i:31;i:32;i:32;i:33;i:33;i:34;i:34;i:35;i:35;i:36;i:36;i:37;i:37;i:38;i:38;i:39;i:39;i:40;i:40;i:41;i:41;i:42;i:42;i:43;i:43;i:44;i:44;i:45;i:45;i:46;i:46;i:47;i:47;i:48;}}i:32;a:4:{s:1:\"a\";i:33;s:1:\"b\";s:21:\"read-hunting-activity\";s:1:\"c\";s:3:\"web\";s:1:\"r\";a:48:{i:0;i:1;i:1;i:2;i:2;i:3;i:3;i:4;i:4;i:5;i:5;i:6;i:6;i:7;i:7;i:8;i:8;i:9;i:9;i:10;i:10;i:11;i:11;i:12;i:12;i:13;i:13;i:14;i:14;i:15;i:15;i:16;i:16;i:17;i:17;i:18;i:18;i:19;i:19;i:20;i:20;i:21;i:21;i:22;i:22;i:23;i:23;i:24;i:24;i:25;i:25;i:26;i:26;i:27;i:27;i:28;i:28;i:29;i:29;i:30;i:30;i:31;i:31;i:32;i:32;i:33;i:33;i:34;i:34;i:35;i:35;i:36;i:36;i:37;i:37;i:38;i:38;i:39;i:39;i:40;i:40;i:41;i:41;i:42;i:42;i:43;i:43;i:44;i:44;i:45;i:45;i:46;i:46;i:47;i:47;i:48;}}i:33;a:4:{s:1:\"a\";i:34;s:1:\"b\";s:23:\"update-hunting-activity\";s:1:\"c\";s:3:\"web\";s:1:\"r\";a:48:{i:0;i:1;i:1;i:2;i:2;i:3;i:3;i:4;i:4;i:5;i:5;i:6;i:6;i:7;i:7;i:8;i:8;i:9;i:9;i:10;i:10;i:11;i:11;i:12;i:12;i:13;i:13;i:14;i:14;i:15;i:15;i:16;i:16;i:17;i:17;i:18;i:18;i:19;i:19;i:20;i:20;i:21;i:21;i:22;i:22;i:23;i:23;i:24;i:24;i:25;i:25;i:26;i:26;i:27;i:27;i:28;i:28;i:29;i:29;i:30;i:30;i:31;i:31;i:32;i:32;i:33;i:33;i:34;i:34;i:35;i:35;i:36;i:36;i:37;i:37;i:38;i:38;i:39;i:39;i:40;i:40;i:41;i:41;i:42;i:42;i:43;i:43;i:44;i:44;i:45;i:45;i:46;i:46;i:47;i:47;i:48;}}i:34;a:4:{s:1:\"a\";i:35;s:1:\"b\";s:23:\"delete-hunting-activity\";s:1:\"c\";s:3:\"web\";s:1:\"r\";a:48:{i:0;i:1;i:1;i:2;i:2;i:3;i:3;i:4;i:4;i:5;i:5;i:6;i:6;i:7;i:7;i:8;i:8;i:9;i:9;i:10;i:10;i:11;i:11;i:12;i:12;i:13;i:13;i:14;i:14;i:15;i:15;i:16;i:16;i:17;i:17;i:18;i:18;i:19;i:19;i:20;i:20;i:21;i:21;i:22;i:22;i:23;i:23;i:24;i:24;i:25;i:25;i:26;i:26;i:27;i:27;i:28;i:28;i:29;i:29;i:30;i:30;i:31;i:31;i:32;i:32;i:33;i:33;i:34;i:34;i:35;i:35;i:36;i:36;i:37;i:37;i:38;i:38;i:39;i:39;i:40;i:40;i:41;i:41;i:42;i:42;i:43;i:43;i:44;i:44;i:45;i:45;i:46;i:46;i:47;i:47;i:48;}}i:35;a:4:{s:1:\"a\";i:36;s:1:\"b\";s:28:\"view-human-wildlife-conflict\";s:1:\"c\";s:3:\"web\";s:1:\"r\";a:48:{i:0;i:1;i:1;i:2;i:2;i:3;i:3;i:4;i:4;i:5;i:5;i:6;i:6;i:7;i:7;i:8;i:8;i:9;i:9;i:10;i:10;i:11;i:11;i:12;i:12;i:13;i:13;i:14;i:14;i:15;i:15;i:16;i:16;i:17;i:17;i:18;i:18;i:19;i:19;i:20;i:20;i:21;i:21;i:22;i:22;i:23;i:23;i:24;i:24;i:25;i:25;i:26;i:26;i:27;i:27;i:28;i:28;i:29;i:29;i:30;i:30;i:31;i:31;i:32;i:32;i:33;i:33;i:34;i:34;i:35;i:35;i:36;i:36;i:37;i:37;i:38;i:38;i:39;i:39;i:40;i:40;i:41;i:41;i:42;i:42;i:43;i:43;i:44;i:44;i:45;i:45;i:46;i:46;i:47;i:47;i:48;}}i:36;a:4:{s:1:\"a\";i:37;s:1:\"b\";s:30:\"create-human-wildlife-conflict\";s:1:\"c\";s:3:\"web\";s:1:\"r\";a:48:{i:0;i:1;i:1;i:2;i:2;i:3;i:3;i:4;i:4;i:5;i:5;i:6;i:6;i:7;i:7;i:8;i:8;i:9;i:9;i:10;i:10;i:11;i:11;i:12;i:12;i:13;i:13;i:14;i:14;i:15;i:15;i:16;i:16;i:17;i:17;i:18;i:18;i:19;i:19;i:20;i:20;i:21;i:21;i:22;i:22;i:23;i:23;i:24;i:24;i:25;i:25;i:26;i:26;i:27;i:27;i:28;i:28;i:29;i:29;i:30;i:30;i:31;i:31;i:32;i:32;i:33;i:33;i:34;i:34;i:35;i:35;i:36;i:36;i:37;i:37;i:38;i:38;i:39;i:39;i:40;i:40;i:41;i:41;i:42;i:42;i:43;i:43;i:44;i:44;i:45;i:45;i:46;i:46;i:47;i:47;i:48;}}i:37;a:4:{s:1:\"a\";i:38;s:1:\"b\";s:28:\"read-human-wildlife-conflict\";s:1:\"c\";s:3:\"web\";s:1:\"r\";a:48:{i:0;i:1;i:1;i:2;i:2;i:3;i:3;i:4;i:4;i:5;i:5;i:6;i:6;i:7;i:7;i:8;i:8;i:9;i:9;i:10;i:10;i:11;i:11;i:12;i:12;i:13;i:13;i:14;i:14;i:15;i:15;i:16;i:16;i:17;i:17;i:18;i:18;i:19;i:19;i:20;i:20;i:21;i:21;i:22;i:22;i:23;i:23;i:24;i:24;i:25;i:25;i:26;i:26;i:27;i:27;i:28;i:28;i:29;i:29;i:30;i:30;i:31;i:31;i:32;i:32;i:33;i:33;i:34;i:34;i:35;i:35;i:36;i:36;i:37;i:37;i:38;i:38;i:39;i:39;i:40;i:40;i:41;i:41;i:42;i:42;i:43;i:43;i:44;i:44;i:45;i:45;i:46;i:46;i:47;i:47;i:48;}}i:38;a:4:{s:1:\"a\";i:39;s:1:\"b\";s:30:\"update-human-wildlife-conflict\";s:1:\"c\";s:3:\"web\";s:1:\"r\";a:48:{i:0;i:1;i:1;i:2;i:2;i:3;i:3;i:4;i:4;i:5;i:5;i:6;i:6;i:7;i:7;i:8;i:8;i:9;i:9;i:10;i:10;i:11;i:11;i:12;i:12;i:13;i:13;i:14;i:14;i:15;i:15;i:16;i:16;i:17;i:17;i:18;i:18;i:19;i:19;i:20;i:20;i:21;i:21;i:22;i:22;i:23;i:23;i:24;i:24;i:25;i:25;i:26;i:26;i:27;i:27;i:28;i:28;i:29;i:29;i:30;i:30;i:31;i:31;i:32;i:32;i:33;i:33;i:34;i:34;i:35;i:35;i:36;i:36;i:37;i:37;i:38;i:38;i:39;i:39;i:40;i:40;i:41;i:41;i:42;i:42;i:43;i:43;i:44;i:44;i:45;i:45;i:46;i:46;i:47;i:47;i:48;}}i:39;a:4:{s:1:\"a\";i:40;s:1:\"b\";s:30:\"delete-human-wildlife-conflict\";s:1:\"c\";s:3:\"web\";s:1:\"r\";a:48:{i:0;i:1;i:1;i:2;i:2;i:3;i:3;i:4;i:4;i:5;i:5;i:6;i:6;i:7;i:7;i:8;i:8;i:9;i:9;i:10;i:10;i:11;i:11;i:12;i:12;i:13;i:13;i:14;i:14;i:15;i:15;i:16;i:16;i:17;i:17;i:18;i:18;i:19;i:19;i:20;i:20;i:21;i:21;i:22;i:22;i:23;i:23;i:24;i:24;i:25;i:25;i:26;i:26;i:27;i:27;i:28;i:28;i:29;i:29;i:30;i:30;i:31;i:31;i:32;i:32;i:33;i:33;i:34;i:34;i:35;i:35;i:36;i:36;i:37;i:37;i:38;i:38;i:39;i:39;i:40;i:40;i:41;i:41;i:42;i:42;i:43;i:43;i:44;i:44;i:45;i:45;i:46;i:46;i:47;i:47;i:48;}}i:40;a:4:{s:1:\"a\";i:41;s:1:\"b\";s:31:\"view-problematic-animal-control\";s:1:\"c\";s:3:\"web\";s:1:\"r\";a:48:{i:0;i:1;i:1;i:2;i:2;i:3;i:3;i:4;i:4;i:5;i:5;i:6;i:6;i:7;i:7;i:8;i:8;i:9;i:9;i:10;i:10;i:11;i:11;i:12;i:12;i:13;i:13;i:14;i:14;i:15;i:15;i:16;i:16;i:17;i:17;i:18;i:18;i:19;i:19;i:20;i:20;i:21;i:21;i:22;i:22;i:23;i:23;i:24;i:24;i:25;i:25;i:26;i:26;i:27;i:27;i:28;i:28;i:29;i:29;i:30;i:30;i:31;i:31;i:32;i:32;i:33;i:33;i:34;i:34;i:35;i:35;i:36;i:36;i:37;i:37;i:38;i:38;i:39;i:39;i:40;i:40;i:41;i:41;i:42;i:42;i:43;i:43;i:44;i:44;i:45;i:45;i:46;i:46;i:47;i:47;i:48;}}i:41;a:4:{s:1:\"a\";i:42;s:1:\"b\";s:33:\"create-problematic-animal-control\";s:1:\"c\";s:3:\"web\";s:1:\"r\";a:48:{i:0;i:1;i:1;i:2;i:2;i:3;i:3;i:4;i:4;i:5;i:5;i:6;i:6;i:7;i:7;i:8;i:8;i:9;i:9;i:10;i:10;i:11;i:11;i:12;i:12;i:13;i:13;i:14;i:14;i:15;i:15;i:16;i:16;i:17;i:17;i:18;i:18;i:19;i:19;i:20;i:20;i:21;i:21;i:22;i:22;i:23;i:23;i:24;i:24;i:25;i:25;i:26;i:26;i:27;i:27;i:28;i:28;i:29;i:29;i:30;i:30;i:31;i:31;i:32;i:32;i:33;i:33;i:34;i:34;i:35;i:35;i:36;i:36;i:37;i:37;i:38;i:38;i:39;i:39;i:40;i:40;i:41;i:41;i:42;i:42;i:43;i:43;i:44;i:44;i:45;i:45;i:46;i:46;i:47;i:47;i:48;}}i:42;a:4:{s:1:\"a\";i:43;s:1:\"b\";s:31:\"read-problematic-animal-control\";s:1:\"c\";s:3:\"web\";s:1:\"r\";a:48:{i:0;i:1;i:1;i:2;i:2;i:3;i:3;i:4;i:4;i:5;i:5;i:6;i:6;i:7;i:7;i:8;i:8;i:9;i:9;i:10;i:10;i:11;i:11;i:12;i:12;i:13;i:13;i:14;i:14;i:15;i:15;i:16;i:16;i:17;i:17;i:18;i:18;i:19;i:19;i:20;i:20;i:21;i:21;i:22;i:22;i:23;i:23;i:24;i:24;i:25;i:25;i:26;i:26;i:27;i:27;i:28;i:28;i:29;i:29;i:30;i:30;i:31;i:31;i:32;i:32;i:33;i:33;i:34;i:34;i:35;i:35;i:36;i:36;i:37;i:37;i:38;i:38;i:39;i:39;i:40;i:40;i:41;i:41;i:42;i:42;i:43;i:43;i:44;i:44;i:45;i:45;i:46;i:46;i:47;i:47;i:48;}}i:43;a:4:{s:1:\"a\";i:44;s:1:\"b\";s:33:\"update-problematic-animal-control\";s:1:\"c\";s:3:\"web\";s:1:\"r\";a:48:{i:0;i:1;i:1;i:2;i:2;i:3;i:3;i:4;i:4;i:5;i:5;i:6;i:6;i:7;i:7;i:8;i:8;i:9;i:9;i:10;i:10;i:11;i:11;i:12;i:12;i:13;i:13;i:14;i:14;i:15;i:15;i:16;i:16;i:17;i:17;i:18;i:18;i:19;i:19;i:20;i:20;i:21;i:21;i:22;i:22;i:23;i:23;i:24;i:24;i:25;i:25;i:26;i:26;i:27;i:27;i:28;i:28;i:29;i:29;i:30;i:30;i:31;i:31;i:32;i:32;i:33;i:33;i:34;i:34;i:35;i:35;i:36;i:36;i:37;i:37;i:38;i:38;i:39;i:39;i:40;i:40;i:41;i:41;i:42;i:42;i:43;i:43;i:44;i:44;i:45;i:45;i:46;i:46;i:47;i:47;i:48;}}i:44;a:4:{s:1:\"a\";i:45;s:1:\"b\";s:33:\"delete-problematic-animal-control\";s:1:\"c\";s:3:\"web\";s:1:\"r\";a:48:{i:0;i:1;i:1;i:2;i:2;i:3;i:3;i:4;i:4;i:5;i:5;i:6;i:6;i:7;i:7;i:8;i:8;i:9;i:9;i:10;i:10;i:11;i:11;i:12;i:12;i:13;i:13;i:14;i:14;i:15;i:15;i:16;i:16;i:17;i:17;i:18;i:18;i:19;i:19;i:20;i:20;i:21;i:21;i:22;i:22;i:23;i:23;i:24;i:24;i:25;i:25;i:26;i:26;i:27;i:27;i:28;i:28;i:29;i:29;i:30;i:30;i:31;i:31;i:32;i:32;i:33;i:33;i:34;i:34;i:35;i:35;i:36;i:36;i:37;i:37;i:38;i:38;i:39;i:39;i:40;i:40;i:41;i:41;i:42;i:42;i:43;i:43;i:44;i:44;i:45;i:45;i:46;i:46;i:47;i:47;i:48;}}i:45;a:4:{s:1:\"a\";i:46;s:1:\"b\";s:13:\"view-poaching\";s:1:\"c\";s:3:\"web\";s:1:\"r\";a:48:{i:0;i:1;i:1;i:2;i:2;i:3;i:3;i:4;i:4;i:5;i:5;i:6;i:6;i:7;i:7;i:8;i:8;i:9;i:9;i:10;i:10;i:11;i:11;i:12;i:12;i:13;i:13;i:14;i:14;i:15;i:15;i:16;i:16;i:17;i:17;i:18;i:18;i:19;i:19;i:20;i:20;i:21;i:21;i:22;i:22;i:23;i:23;i:24;i:24;i:25;i:25;i:26;i:26;i:27;i:27;i:28;i:28;i:29;i:29;i:30;i:30;i:31;i:31;i:32;i:32;i:33;i:33;i:34;i:34;i:35;i:35;i:36;i:36;i:37;i:37;i:38;i:38;i:39;i:39;i:40;i:40;i:41;i:41;i:42;i:42;i:43;i:43;i:44;i:44;i:45;i:45;i:46;i:46;i:47;i:47;i:48;}}i:46;a:4:{s:1:\"a\";i:47;s:1:\"b\";s:15:\"create-poaching\";s:1:\"c\";s:3:\"web\";s:1:\"r\";a:48:{i:0;i:1;i:1;i:2;i:2;i:3;i:3;i:4;i:4;i:5;i:5;i:6;i:6;i:7;i:7;i:8;i:8;i:9;i:9;i:10;i:10;i:11;i:11;i:12;i:12;i:13;i:13;i:14;i:14;i:15;i:15;i:16;i:16;i:17;i:17;i:18;i:18;i:19;i:19;i:20;i:20;i:21;i:21;i:22;i:22;i:23;i:23;i:24;i:24;i:25;i:25;i:26;i:26;i:27;i:27;i:28;i:28;i:29;i:29;i:30;i:30;i:31;i:31;i:32;i:32;i:33;i:33;i:34;i:34;i:35;i:35;i:36;i:36;i:37;i:37;i:38;i:38;i:39;i:39;i:40;i:40;i:41;i:41;i:42;i:42;i:43;i:43;i:44;i:44;i:45;i:45;i:46;i:46;i:47;i:47;i:48;}}i:47;a:4:{s:1:\"a\";i:48;s:1:\"b\";s:13:\"read-poaching\";s:1:\"c\";s:3:\"web\";s:1:\"r\";a:48:{i:0;i:1;i:1;i:2;i:2;i:3;i:3;i:4;i:4;i:5;i:5;i:6;i:6;i:7;i:7;i:8;i:8;i:9;i:9;i:10;i:10;i:11;i:11;i:12;i:12;i:13;i:13;i:14;i:14;i:15;i:15;i:16;i:16;i:17;i:17;i:18;i:18;i:19;i:19;i:20;i:20;i:21;i:21;i:22;i:22;i:23;i:23;i:24;i:24;i:25;i:25;i:26;i:26;i:27;i:27;i:28;i:28;i:29;i:29;i:30;i:30;i:31;i:31;i:32;i:32;i:33;i:33;i:34;i:34;i:35;i:35;i:36;i:36;i:37;i:37;i:38;i:38;i:39;i:39;i:40;i:40;i:41;i:41;i:42;i:42;i:43;i:43;i:44;i:44;i:45;i:45;i:46;i:46;i:47;i:47;i:48;}}i:48;a:4:{s:1:\"a\";i:49;s:1:\"b\";s:15:\"update-poaching\";s:1:\"c\";s:3:\"web\";s:1:\"r\";a:48:{i:0;i:1;i:1;i:2;i:2;i:3;i:3;i:4;i:4;i:5;i:5;i:6;i:6;i:7;i:7;i:8;i:8;i:9;i:9;i:10;i:10;i:11;i:11;i:12;i:12;i:13;i:13;i:14;i:14;i:15;i:15;i:16;i:16;i:17;i:17;i:18;i:18;i:19;i:19;i:20;i:20;i:21;i:21;i:22;i:22;i:23;i:23;i:24;i:24;i:25;i:25;i:26;i:26;i:27;i:27;i:28;i:28;i:29;i:29;i:30;i:30;i:31;i:31;i:32;i:32;i:33;i:33;i:34;i:34;i:35;i:35;i:36;i:36;i:37;i:37;i:38;i:38;i:39;i:39;i:40;i:40;i:41;i:41;i:42;i:42;i:43;i:43;i:44;i:44;i:45;i:45;i:46;i:46;i:47;i:47;i:48;}}i:49;a:4:{s:1:\"a\";i:50;s:1:\"b\";s:15:\"delete-poaching\";s:1:\"c\";s:3:\"web\";s:1:\"r\";a:48:{i:0;i:1;i:1;i:2;i:2;i:3;i:3;i:4;i:4;i:5;i:5;i:6;i:6;i:7;i:7;i:8;i:8;i:9;i:9;i:10;i:10;i:11;i:11;i:12;i:12;i:13;i:13;i:14;i:14;i:15;i:15;i:16;i:16;i:17;i:17;i:18;i:18;i:19;i:19;i:20;i:20;i:21;i:21;i:22;i:22;i:23;i:23;i:24;i:24;i:25;i:25;i:26;i:26;i:27;i:27;i:28;i:28;i:29;i:29;i:30;i:30;i:31;i:31;i:32;i:32;i:33;i:33;i:34;i:34;i:35;i:35;i:36;i:36;i:37;i:37;i:38;i:38;i:39;i:39;i:40;i:40;i:41;i:41;i:42;i:42;i:43;i:43;i:44;i:44;i:45;i:45;i:46;i:46;i:47;i:47;i:48;}}i:50;a:4:{s:1:\"a\";i:51;s:1:\"b\";s:23:\"view-child-organisation\";s:1:\"c\";s:3:\"web\";s:1:\"r\";a:48:{i:0;i:1;i:1;i:2;i:2;i:3;i:3;i:4;i:4;i:5;i:5;i:6;i:6;i:7;i:7;i:8;i:8;i:9;i:9;i:10;i:10;i:11;i:11;i:12;i:12;i:13;i:13;i:14;i:14;i:15;i:15;i:16;i:16;i:17;i:17;i:18;i:18;i:19;i:19;i:20;i:20;i:21;i:21;i:22;i:22;i:23;i:23;i:24;i:24;i:25;i:25;i:26;i:26;i:27;i:27;i:28;i:28;i:29;i:29;i:30;i:30;i:31;i:31;i:32;i:32;i:33;i:33;i:34;i:34;i:35;i:35;i:36;i:36;i:37;i:37;i:38;i:38;i:39;i:39;i:40;i:40;i:41;i:41;i:42;i:42;i:43;i:43;i:44;i:44;i:45;i:45;i:46;i:46;i:47;i:47;i:48;}}i:51;a:4:{s:1:\"a\";i:52;s:1:\"b\";s:25:\"create-child-organisation\";s:1:\"c\";s:3:\"web\";s:1:\"r\";a:48:{i:0;i:1;i:1;i:2;i:2;i:3;i:3;i:4;i:4;i:5;i:5;i:6;i:6;i:7;i:7;i:8;i:8;i:9;i:9;i:10;i:10;i:11;i:11;i:12;i:12;i:13;i:13;i:14;i:14;i:15;i:15;i:16;i:16;i:17;i:17;i:18;i:18;i:19;i:19;i:20;i:20;i:21;i:21;i:22;i:22;i:23;i:23;i:24;i:24;i:25;i:25;i:26;i:26;i:27;i:27;i:28;i:28;i:29;i:29;i:30;i:30;i:31;i:31;i:32;i:32;i:33;i:33;i:34;i:34;i:35;i:35;i:36;i:36;i:37;i:37;i:38;i:38;i:39;i:39;i:40;i:40;i:41;i:41;i:42;i:42;i:43;i:43;i:44;i:44;i:45;i:45;i:46;i:46;i:47;i:47;i:48;}}i:52;a:4:{s:1:\"a\";i:53;s:1:\"b\";s:23:\"read-child-organisation\";s:1:\"c\";s:3:\"web\";s:1:\"r\";a:48:{i:0;i:1;i:1;i:2;i:2;i:3;i:3;i:4;i:4;i:5;i:5;i:6;i:6;i:7;i:7;i:8;i:8;i:9;i:9;i:10;i:10;i:11;i:11;i:12;i:12;i:13;i:13;i:14;i:14;i:15;i:15;i:16;i:16;i:17;i:17;i:18;i:18;i:19;i:19;i:20;i:20;i:21;i:21;i:22;i:22;i:23;i:23;i:24;i:24;i:25;i:25;i:26;i:26;i:27;i:27;i:28;i:28;i:29;i:29;i:30;i:30;i:31;i:31;i:32;i:32;i:33;i:33;i:34;i:34;i:35;i:35;i:36;i:36;i:37;i:37;i:38;i:38;i:39;i:39;i:40;i:40;i:41;i:41;i:42;i:42;i:43;i:43;i:44;i:44;i:45;i:45;i:46;i:46;i:47;i:47;i:48;}}i:53;a:4:{s:1:\"a\";i:54;s:1:\"b\";s:25:\"update-child-organisation\";s:1:\"c\";s:3:\"web\";s:1:\"r\";a:48:{i:0;i:1;i:1;i:2;i:2;i:3;i:3;i:4;i:4;i:5;i:5;i:6;i:6;i:7;i:7;i:8;i:8;i:9;i:9;i:10;i:10;i:11;i:11;i:12;i:12;i:13;i:13;i:14;i:14;i:15;i:15;i:16;i:16;i:17;i:17;i:18;i:18;i:19;i:19;i:20;i:20;i:21;i:21;i:22;i:22;i:23;i:23;i:24;i:24;i:25;i:25;i:26;i:26;i:27;i:27;i:28;i:28;i:29;i:29;i:30;i:30;i:31;i:31;i:32;i:32;i:33;i:33;i:34;i:34;i:35;i:35;i:36;i:36;i:37;i:37;i:38;i:38;i:39;i:39;i:40;i:40;i:41;i:41;i:42;i:42;i:43;i:43;i:44;i:44;i:45;i:45;i:46;i:46;i:47;i:47;i:48;}}i:54;a:4:{s:1:\"a\";i:55;s:1:\"b\";s:25:\"delete-child-organisation\";s:1:\"c\";s:3:\"web\";s:1:\"r\";a:48:{i:0;i:1;i:1;i:2;i:2;i:3;i:3;i:4;i:4;i:5;i:5;i:6;i:6;i:7;i:7;i:8;i:8;i:9;i:9;i:10;i:10;i:11;i:11;i:12;i:12;i:13;i:13;i:14;i:14;i:15;i:15;i:16;i:16;i:17;i:17;i:18;i:18;i:19;i:19;i:20;i:20;i:21;i:21;i:22;i:22;i:23;i:23;i:24;i:24;i:25;i:25;i:26;i:26;i:27;i:27;i:28;i:28;i:29;i:29;i:30;i:30;i:31;i:31;i:32;i:32;i:33;i:33;i:34;i:34;i:35;i:35;i:36;i:36;i:37;i:37;i:38;i:38;i:39;i:39;i:40;i:40;i:41;i:41;i:42;i:42;i:43;i:43;i:44;i:44;i:45;i:45;i:46;i:46;i:47;i:47;i:48;}}i:55;a:4:{s:1:\"a\";i:56;s:1:\"b\";s:22:\"view-organisation-user\";s:1:\"c\";s:3:\"web\";s:1:\"r\";a:48:{i:0;i:1;i:1;i:2;i:2;i:3;i:3;i:4;i:4;i:5;i:5;i:6;i:6;i:7;i:7;i:8;i:8;i:9;i:9;i:10;i:10;i:11;i:11;i:12;i:12;i:13;i:13;i:14;i:14;i:15;i:15;i:16;i:16;i:17;i:17;i:18;i:18;i:19;i:19;i:20;i:20;i:21;i:21;i:22;i:22;i:23;i:23;i:24;i:24;i:25;i:25;i:26;i:26;i:27;i:27;i:28;i:28;i:29;i:29;i:30;i:30;i:31;i:31;i:32;i:32;i:33;i:33;i:34;i:34;i:35;i:35;i:36;i:36;i:37;i:37;i:38;i:38;i:39;i:39;i:40;i:40;i:41;i:41;i:42;i:42;i:43;i:43;i:44;i:44;i:45;i:45;i:46;i:46;i:47;i:47;i:48;}}i:56;a:4:{s:1:\"a\";i:57;s:1:\"b\";s:24:\"create-organisation-user\";s:1:\"c\";s:3:\"web\";s:1:\"r\";a:48:{i:0;i:1;i:1;i:2;i:2;i:3;i:3;i:4;i:4;i:5;i:5;i:6;i:6;i:7;i:7;i:8;i:8;i:9;i:9;i:10;i:10;i:11;i:11;i:12;i:12;i:13;i:13;i:14;i:14;i:15;i:15;i:16;i:16;i:17;i:17;i:18;i:18;i:19;i:19;i:20;i:20;i:21;i:21;i:22;i:22;i:23;i:23;i:24;i:24;i:25;i:25;i:26;i:26;i:27;i:27;i:28;i:28;i:29;i:29;i:30;i:30;i:31;i:31;i:32;i:32;i:33;i:33;i:34;i:34;i:35;i:35;i:36;i:36;i:37;i:37;i:38;i:38;i:39;i:39;i:40;i:40;i:41;i:41;i:42;i:42;i:43;i:43;i:44;i:44;i:45;i:45;i:46;i:46;i:47;i:47;i:48;}}i:57;a:4:{s:1:\"a\";i:58;s:1:\"b\";s:22:\"read-organisation-user\";s:1:\"c\";s:3:\"web\";s:1:\"r\";a:48:{i:0;i:1;i:1;i:2;i:2;i:3;i:3;i:4;i:4;i:5;i:5;i:6;i:6;i:7;i:7;i:8;i:8;i:9;i:9;i:10;i:10;i:11;i:11;i:12;i:12;i:13;i:13;i:14;i:14;i:15;i:15;i:16;i:16;i:17;i:17;i:18;i:18;i:19;i:19;i:20;i:20;i:21;i:21;i:22;i:22;i:23;i:23;i:24;i:24;i:25;i:25;i:26;i:26;i:27;i:27;i:28;i:28;i:29;i:29;i:30;i:30;i:31;i:31;i:32;i:32;i:33;i:33;i:34;i:34;i:35;i:35;i:36;i:36;i:37;i:37;i:38;i:38;i:39;i:39;i:40;i:40;i:41;i:41;i:42;i:42;i:43;i:43;i:44;i:44;i:45;i:45;i:46;i:46;i:47;i:47;i:48;}}i:58;a:4:{s:1:\"a\";i:59;s:1:\"b\";s:24:\"update-organisation-user\";s:1:\"c\";s:3:\"web\";s:1:\"r\";a:48:{i:0;i:1;i:1;i:2;i:2;i:3;i:3;i:4;i:4;i:5;i:5;i:6;i:6;i:7;i:7;i:8;i:8;i:9;i:9;i:10;i:10;i:11;i:11;i:12;i:12;i:13;i:13;i:14;i:14;i:15;i:15;i:16;i:16;i:17;i:17;i:18;i:18;i:19;i:19;i:20;i:20;i:21;i:21;i:22;i:22;i:23;i:23;i:24;i:24;i:25;i:25;i:26;i:26;i:27;i:27;i:28;i:28;i:29;i:29;i:30;i:30;i:31;i:31;i:32;i:32;i:33;i:33;i:34;i:34;i:35;i:35;i:36;i:36;i:37;i:37;i:38;i:38;i:39;i:39;i:40;i:40;i:41;i:41;i:42;i:42;i:43;i:43;i:44;i:44;i:45;i:45;i:46;i:46;i:47;i:47;i:48;}}i:59;a:4:{s:1:\"a\";i:60;s:1:\"b\";s:24:\"delete-organisation-user\";s:1:\"c\";s:3:\"web\";s:1:\"r\";a:48:{i:0;i:1;i:1;i:2;i:2;i:3;i:3;i:4;i:4;i:5;i:5;i:6;i:6;i:7;i:7;i:8;i:8;i:9;i:9;i:10;i:10;i:11;i:11;i:12;i:12;i:13;i:13;i:14;i:14;i:15;i:15;i:16;i:16;i:17;i:17;i:18;i:18;i:19;i:19;i:20;i:20;i:21;i:21;i:22;i:22;i:23;i:23;i:24;i:24;i:25;i:25;i:26;i:26;i:27;i:27;i:28;i:28;i:29;i:29;i:30;i:30;i:31;i:31;i:32;i:32;i:33;i:33;i:34;i:34;i:35;i:35;i:36;i:36;i:37;i:37;i:38;i:38;i:39;i:39;i:40;i:40;i:41;i:41;i:42;i:42;i:43;i:43;i:44;i:44;i:45;i:45;i:46;i:46;i:47;i:47;i:48;}}i:60;a:4:{s:1:\"a\";i:61;s:1:\"b\";s:20:\"view-revenue-sharing\";s:1:\"c\";s:3:\"web\";s:1:\"r\";a:48:{i:0;i:1;i:1;i:2;i:2;i:3;i:3;i:4;i:4;i:5;i:5;i:6;i:6;i:7;i:7;i:8;i:8;i:9;i:9;i:10;i:10;i:11;i:11;i:12;i:12;i:13;i:13;i:14;i:14;i:15;i:15;i:16;i:16;i:17;i:17;i:18;i:18;i:19;i:19;i:20;i:20;i:21;i:21;i:22;i:22;i:23;i:23;i:24;i:24;i:25;i:25;i:26;i:26;i:27;i:27;i:28;i:28;i:29;i:29;i:30;i:30;i:31;i:31;i:32;i:32;i:33;i:33;i:34;i:34;i:35;i:35;i:36;i:36;i:37;i:37;i:38;i:38;i:39;i:39;i:40;i:40;i:41;i:41;i:42;i:42;i:43;i:43;i:44;i:44;i:45;i:45;i:46;i:46;i:47;i:47;i:48;}}i:61;a:4:{s:1:\"a\";i:62;s:1:\"b\";s:22:\"create-revenue-sharing\";s:1:\"c\";s:3:\"web\";s:1:\"r\";a:48:{i:0;i:1;i:1;i:2;i:2;i:3;i:3;i:4;i:4;i:5;i:5;i:6;i:6;i:7;i:7;i:8;i:8;i:9;i:9;i:10;i:10;i:11;i:11;i:12;i:12;i:13;i:13;i:14;i:14;i:15;i:15;i:16;i:16;i:17;i:17;i:18;i:18;i:19;i:19;i:20;i:20;i:21;i:21;i:22;i:22;i:23;i:23;i:24;i:24;i:25;i:25;i:26;i:26;i:27;i:27;i:28;i:28;i:29;i:29;i:30;i:30;i:31;i:31;i:32;i:32;i:33;i:33;i:34;i:34;i:35;i:35;i:36;i:36;i:37;i:37;i:38;i:38;i:39;i:39;i:40;i:40;i:41;i:41;i:42;i:42;i:43;i:43;i:44;i:44;i:45;i:45;i:46;i:46;i:47;i:47;i:48;}}i:62;a:4:{s:1:\"a\";i:63;s:1:\"b\";s:20:\"read-revenue-sharing\";s:1:\"c\";s:3:\"web\";s:1:\"r\";a:48:{i:0;i:1;i:1;i:2;i:2;i:3;i:3;i:4;i:4;i:5;i:5;i:6;i:6;i:7;i:7;i:8;i:8;i:9;i:9;i:10;i:10;i:11;i:11;i:12;i:12;i:13;i:13;i:14;i:14;i:15;i:15;i:16;i:16;i:17;i:17;i:18;i:18;i:19;i:19;i:20;i:20;i:21;i:21;i:22;i:22;i:23;i:23;i:24;i:24;i:25;i:25;i:26;i:26;i:27;i:27;i:28;i:28;i:29;i:29;i:30;i:30;i:31;i:31;i:32;i:32;i:33;i:33;i:34;i:34;i:35;i:35;i:36;i:36;i:37;i:37;i:38;i:38;i:39;i:39;i:40;i:40;i:41;i:41;i:42;i:42;i:43;i:43;i:44;i:44;i:45;i:45;i:46;i:46;i:47;i:47;i:48;}}i:63;a:4:{s:1:\"a\";i:64;s:1:\"b\";s:22:\"update-revenue-sharing\";s:1:\"c\";s:3:\"web\";s:1:\"r\";a:48:{i:0;i:1;i:1;i:2;i:2;i:3;i:3;i:4;i:4;i:5;i:5;i:6;i:6;i:7;i:7;i:8;i:8;i:9;i:9;i:10;i:10;i:11;i:11;i:12;i:12;i:13;i:13;i:14;i:14;i:15;i:15;i:16;i:16;i:17;i:17;i:18;i:18;i:19;i:19;i:20;i:20;i:21;i:21;i:22;i:22;i:23;i:23;i:24;i:24;i:25;i:25;i:26;i:26;i:27;i:27;i:28;i:28;i:29;i:29;i:30;i:30;i:31;i:31;i:32;i:32;i:33;i:33;i:34;i:34;i:35;i:35;i:36;i:36;i:37;i:37;i:38;i:38;i:39;i:39;i:40;i:40;i:41;i:41;i:42;i:42;i:43;i:43;i:44;i:44;i:45;i:45;i:46;i:46;i:47;i:47;i:48;}}i:64;a:4:{s:1:\"a\";i:65;s:1:\"b\";s:22:\"delete-revenue-sharing\";s:1:\"c\";s:3:\"web\";s:1:\"r\";a:48:{i:0;i:1;i:1;i:2;i:2;i:3;i:3;i:4;i:4;i:5;i:5;i:6;i:6;i:7;i:7;i:8;i:8;i:9;i:9;i:10;i:10;i:11;i:11;i:12;i:12;i:13;i:13;i:14;i:14;i:15;i:15;i:16;i:16;i:17;i:17;i:18;i:18;i:19;i:19;i:20;i:20;i:21;i:21;i:22;i:22;i:23;i:23;i:24;i:24;i:25;i:25;i:26;i:26;i:27;i:27;i:28;i:28;i:29;i:29;i:30;i:30;i:31;i:31;i:32;i:32;i:33;i:33;i:34;i:34;i:35;i:35;i:36;i:36;i:37;i:37;i:38;i:38;i:39;i:39;i:40;i:40;i:41;i:41;i:42;i:42;i:43;i:43;i:44;i:44;i:45;i:45;i:46;i:46;i:47;i:47;i:48;}}i:65;a:4:{s:1:\"a\";i:66;s:1:\"b\";s:12:\"view-finance\";s:1:\"c\";s:3:\"web\";s:1:\"r\";a:48:{i:0;i:1;i:1;i:2;i:2;i:3;i:3;i:4;i:4;i:5;i:5;i:6;i:6;i:7;i:7;i:8;i:8;i:9;i:9;i:10;i:10;i:11;i:11;i:12;i:12;i:13;i:13;i:14;i:14;i:15;i:15;i:16;i:16;i:17;i:17;i:18;i:18;i:19;i:19;i:20;i:20;i:21;i:21;i:22;i:22;i:23;i:23;i:24;i:24;i:25;i:25;i:26;i:26;i:27;i:27;i:28;i:28;i:29;i:29;i:30;i:30;i:31;i:31;i:32;i:32;i:33;i:33;i:34;i:34;i:35;i:35;i:36;i:36;i:37;i:37;i:38;i:38;i:39;i:39;i:40;i:40;i:41;i:41;i:42;i:42;i:43;i:43;i:44;i:44;i:45;i:45;i:46;i:46;i:47;i:47;i:48;}}i:66;a:4:{s:1:\"a\";i:67;s:1:\"b\";s:14:\"create-finance\";s:1:\"c\";s:3:\"web\";s:1:\"r\";a:48:{i:0;i:1;i:1;i:2;i:2;i:3;i:3;i:4;i:4;i:5;i:5;i:6;i:6;i:7;i:7;i:8;i:8;i:9;i:9;i:10;i:10;i:11;i:11;i:12;i:12;i:13;i:13;i:14;i:14;i:15;i:15;i:16;i:16;i:17;i:17;i:18;i:18;i:19;i:19;i:20;i:20;i:21;i:21;i:22;i:22;i:23;i:23;i:24;i:24;i:25;i:25;i:26;i:26;i:27;i:27;i:28;i:28;i:29;i:29;i:30;i:30;i:31;i:31;i:32;i:32;i:33;i:33;i:34;i:34;i:35;i:35;i:36;i:36;i:37;i:37;i:38;i:38;i:39;i:39;i:40;i:40;i:41;i:41;i:42;i:42;i:43;i:43;i:44;i:44;i:45;i:45;i:46;i:46;i:47;i:47;i:48;}}i:67;a:4:{s:1:\"a\";i:68;s:1:\"b\";s:12:\"read-finance\";s:1:\"c\";s:3:\"web\";s:1:\"r\";a:48:{i:0;i:1;i:1;i:2;i:2;i:3;i:3;i:4;i:4;i:5;i:5;i:6;i:6;i:7;i:7;i:8;i:8;i:9;i:9;i:10;i:10;i:11;i:11;i:12;i:12;i:13;i:13;i:14;i:14;i:15;i:15;i:16;i:16;i:17;i:17;i:18;i:18;i:19;i:19;i:20;i:20;i:21;i:21;i:22;i:22;i:23;i:23;i:24;i:24;i:25;i:25;i:26;i:26;i:27;i:27;i:28;i:28;i:29;i:29;i:30;i:30;i:31;i:31;i:32;i:32;i:33;i:33;i:34;i:34;i:35;i:35;i:36;i:36;i:37;i:37;i:38;i:38;i:39;i:39;i:40;i:40;i:41;i:41;i:42;i:42;i:43;i:43;i:44;i:44;i:45;i:45;i:46;i:46;i:47;i:47;i:48;}}i:68;a:4:{s:1:\"a\";i:69;s:1:\"b\";s:14:\"update-finance\";s:1:\"c\";s:3:\"web\";s:1:\"r\";a:48:{i:0;i:1;i:1;i:2;i:2;i:3;i:3;i:4;i:4;i:5;i:5;i:6;i:6;i:7;i:7;i:8;i:8;i:9;i:9;i:10;i:10;i:11;i:11;i:12;i:12;i:13;i:13;i:14;i:14;i:15;i:15;i:16;i:16;i:17;i:17;i:18;i:18;i:19;i:19;i:20;i:20;i:21;i:21;i:22;i:22;i:23;i:23;i:24;i:24;i:25;i:25;i:26;i:26;i:27;i:27;i:28;i:28;i:29;i:29;i:30;i:30;i:31;i:31;i:32;i:32;i:33;i:33;i:34;i:34;i:35;i:35;i:36;i:36;i:37;i:37;i:38;i:38;i:39;i:39;i:40;i:40;i:41;i:41;i:42;i:42;i:43;i:43;i:44;i:44;i:45;i:45;i:46;i:46;i:47;i:47;i:48;}}i:69;a:4:{s:1:\"a\";i:70;s:1:\"b\";s:14:\"delete-finance\";s:1:\"c\";s:3:\"web\";s:1:\"r\";a:48:{i:0;i:1;i:1;i:2;i:2;i:3;i:3;i:4;i:4;i:5;i:5;i:6;i:6;i:7;i:7;i:8;i:8;i:9;i:9;i:10;i:10;i:11;i:11;i:12;i:12;i:13;i:13;i:14;i:14;i:15;i:15;i:16;i:16;i:17;i:17;i:18;i:18;i:19;i:19;i:20;i:20;i:21;i:21;i:22;i:22;i:23;i:23;i:24;i:24;i:25;i:25;i:26;i:26;i:27;i:27;i:28;i:28;i:29;i:29;i:30;i:30;i:31;i:31;i:32;i:32;i:33;i:33;i:34;i:34;i:35;i:35;i:36;i:36;i:37;i:37;i:38;i:38;i:39;i:39;i:40;i:40;i:41;i:41;i:42;i:42;i:43;i:43;i:44;i:44;i:45;i:45;i:46;i:46;i:47;i:47;i:48;}}}s:5:\"roles\";a:48:{i:0;a:4:{s:1:\"a\";i:2;s:1:\"j\";i:2;s:1:\"b\";s:5:\"admin\";s:1:\"c\";s:3:\"web\";}i:1;a:4:{s:1:\"a\";i:3;s:1:\"j\";i:3;s:1:\"b\";s:5:\"admin\";s:1:\"c\";s:3:\"web\";}i:2;a:4:{s:1:\"a\";i:4;s:1:\"j\";i:4;s:1:\"b\";s:5:\"admin\";s:1:\"c\";s:3:\"web\";}i:3;a:4:{s:1:\"a\";i:22;s:1:\"j\";i:22;s:1:\"b\";s:5:\"admin\";s:1:\"c\";s:3:\"web\";}i:4;a:4:{s:1:\"a\";i:48;s:1:\"j\";i:4;s:1:\"b\";s:11:\"super-admin\";s:1:\"c\";s:3:\"web\";}i:5;a:4:{s:1:\"a\";i:1;s:1:\"j\";i:1;s:1:\"b\";s:5:\"admin\";s:1:\"c\";s:3:\"web\";}i:6;a:4:{s:1:\"a\";i:5;s:1:\"j\";i:5;s:1:\"b\";s:5:\"admin\";s:1:\"c\";s:3:\"web\";}i:7;a:4:{s:1:\"a\";i:6;s:1:\"j\";i:6;s:1:\"b\";s:5:\"admin\";s:1:\"c\";s:3:\"web\";}i:8;a:4:{s:1:\"a\";i:7;s:1:\"j\";i:7;s:1:\"b\";s:5:\"admin\";s:1:\"c\";s:3:\"web\";}i:9;a:4:{s:1:\"a\";i:8;s:1:\"j\";i:8;s:1:\"b\";s:5:\"admin\";s:1:\"c\";s:3:\"web\";}i:10;a:4:{s:1:\"a\";i:9;s:1:\"j\";i:9;s:1:\"b\";s:5:\"admin\";s:1:\"c\";s:3:\"web\";}i:11;a:4:{s:1:\"a\";i:10;s:1:\"j\";i:10;s:1:\"b\";s:5:\"admin\";s:1:\"c\";s:3:\"web\";}i:12;a:4:{s:1:\"a\";i:11;s:1:\"j\";i:11;s:1:\"b\";s:5:\"admin\";s:1:\"c\";s:3:\"web\";}i:13;a:4:{s:1:\"a\";i:12;s:1:\"j\";i:12;s:1:\"b\";s:5:\"admin\";s:1:\"c\";s:3:\"web\";}i:14;a:4:{s:1:\"a\";i:13;s:1:\"j\";i:13;s:1:\"b\";s:5:\"admin\";s:1:\"c\";s:3:\"web\";}i:15;a:4:{s:1:\"a\";i:14;s:1:\"j\";i:14;s:1:\"b\";s:5:\"admin\";s:1:\"c\";s:3:\"web\";}i:16;a:4:{s:1:\"a\";i:15;s:1:\"j\";i:15;s:1:\"b\";s:5:\"admin\";s:1:\"c\";s:3:\"web\";}i:17;a:4:{s:1:\"a\";i:16;s:1:\"j\";i:16;s:1:\"b\";s:5:\"admin\";s:1:\"c\";s:3:\"web\";}i:18;a:4:{s:1:\"a\";i:17;s:1:\"j\";i:17;s:1:\"b\";s:5:\"admin\";s:1:\"c\";s:3:\"web\";}i:19;a:4:{s:1:\"a\";i:18;s:1:\"j\";i:18;s:1:\"b\";s:5:\"admin\";s:1:\"c\";s:3:\"web\";}i:20;a:4:{s:1:\"a\";i:19;s:1:\"j\";i:19;s:1:\"b\";s:5:\"admin\";s:1:\"c\";s:3:\"web\";}i:21;a:4:{s:1:\"a\";i:20;s:1:\"j\";i:20;s:1:\"b\";s:5:\"admin\";s:1:\"c\";s:3:\"web\";}i:22;a:4:{s:1:\"a\";i:21;s:1:\"j\";i:21;s:1:\"b\";s:5:\"admin\";s:1:\"c\";s:3:\"web\";}i:23;a:4:{s:1:\"a\";i:23;s:1:\"j\";i:23;s:1:\"b\";s:5:\"admin\";s:1:\"c\";s:3:\"web\";}i:24;a:4:{s:1:\"a\";i:24;s:1:\"j\";i:24;s:1:\"b\";s:5:\"admin\";s:1:\"c\";s:3:\"web\";}i:25;a:4:{s:1:\"a\";i:25;s:1:\"j\";i:25;s:1:\"b\";s:5:\"admin\";s:1:\"c\";s:3:\"web\";}i:26;a:4:{s:1:\"a\";i:26;s:1:\"j\";i:26;s:1:\"b\";s:5:\"admin\";s:1:\"c\";s:3:\"web\";}i:27;a:4:{s:1:\"a\";i:27;s:1:\"j\";i:27;s:1:\"b\";s:5:\"admin\";s:1:\"c\";s:3:\"web\";}i:28;a:4:{s:1:\"a\";i:28;s:1:\"j\";i:28;s:1:\"b\";s:5:\"admin\";s:1:\"c\";s:3:\"web\";}i:29;a:4:{s:1:\"a\";i:29;s:1:\"j\";i:29;s:1:\"b\";s:5:\"admin\";s:1:\"c\";s:3:\"web\";}i:30;a:4:{s:1:\"a\";i:30;s:1:\"j\";i:30;s:1:\"b\";s:5:\"admin\";s:1:\"c\";s:3:\"web\";}i:31;a:4:{s:1:\"a\";i:31;s:1:\"j\";i:31;s:1:\"b\";s:5:\"admin\";s:1:\"c\";s:3:\"web\";}i:32;a:4:{s:1:\"a\";i:32;s:1:\"j\";i:32;s:1:\"b\";s:5:\"admin\";s:1:\"c\";s:3:\"web\";}i:33;a:4:{s:1:\"a\";i:33;s:1:\"j\";i:33;s:1:\"b\";s:5:\"admin\";s:1:\"c\";s:3:\"web\";}i:34;a:4:{s:1:\"a\";i:34;s:1:\"j\";i:34;s:1:\"b\";s:5:\"admin\";s:1:\"c\";s:3:\"web\";}i:35;a:4:{s:1:\"a\";i:35;s:1:\"j\";i:35;s:1:\"b\";s:5:\"admin\";s:1:\"c\";s:3:\"web\";}i:36;a:4:{s:1:\"a\";i:36;s:1:\"j\";i:36;s:1:\"b\";s:5:\"admin\";s:1:\"c\";s:3:\"web\";}i:37;a:4:{s:1:\"a\";i:37;s:1:\"j\";i:37;s:1:\"b\";s:5:\"admin\";s:1:\"c\";s:3:\"web\";}i:38;a:4:{s:1:\"a\";i:38;s:1:\"j\";i:38;s:1:\"b\";s:5:\"admin\";s:1:\"c\";s:3:\"web\";}i:39;a:4:{s:1:\"a\";i:39;s:1:\"j\";i:39;s:1:\"b\";s:5:\"admin\";s:1:\"c\";s:3:\"web\";}i:40;a:4:{s:1:\"a\";i:40;s:1:\"j\";i:40;s:1:\"b\";s:5:\"admin\";s:1:\"c\";s:3:\"web\";}i:41;a:4:{s:1:\"a\";i:41;s:1:\"j\";i:41;s:1:\"b\";s:5:\"admin\";s:1:\"c\";s:3:\"web\";}i:42;a:4:{s:1:\"a\";i:42;s:1:\"j\";i:42;s:1:\"b\";s:5:\"admin\";s:1:\"c\";s:3:\"web\";}i:43;a:4:{s:1:\"a\";i:43;s:1:\"j\";i:43;s:1:\"b\";s:5:\"admin\";s:1:\"c\";s:3:\"web\";}i:44;a:4:{s:1:\"a\";i:44;s:1:\"j\";i:44;s:1:\"b\";s:5:\"admin\";s:1:\"c\";s:3:\"web\";}i:45;a:4:{s:1:\"a\";i:45;s:1:\"j\";i:45;s:1:\"b\";s:5:\"admin\";s:1:\"c\";s:3:\"web\";}i:46;a:4:{s:1:\"a\";i:46;s:1:\"j\";i:46;s:1:\"b\";s:5:\"admin\";s:1:\"c\";s:3:\"web\";}i:47;a:4:{s:1:\"a\";i:47;s:1:\"j\";i:47;s:1:\"b\";s:5:\"admin\";s:1:\"c\";s:3:\"web\";}}}', 1743732056);

-- --------------------------------------------------------

--
-- Table structure for table `cache_locks`
--

CREATE TABLE `cache_locks` (
  `key` varchar(255) NOT NULL,
  `owner` varchar(255) NOT NULL,
  `expiration` int(11) NOT NULL
) ENGINE=InnoDB DEFAULT CHARSET=utf8mb4 COLLATE=utf8mb4_unicode_ci;

-- --------------------------------------------------------

--
-- Table structure for table `categories`
--

CREATE TABLE `categories` (
  `id` bigint(20) UNSIGNED NOT NULL,
  `name` varchar(255) NOT NULL,
  `description` longtext DEFAULT NULL,
  `slug` varchar(255) DEFAULT NULL,
  `created_at` timestamp NULL DEFAULT NULL,
  `updated_at` timestamp NULL DEFAULT NULL
) ENGINE=InnoDB DEFAULT CHARSET=utf8mb4 COLLATE=utf8mb4_unicode_ci;

--
-- Dumping data for table `categories`
--

INSERT INTO `categories` (`id`, `name`, `description`, `slug`, `created_at`, `updated_at`) VALUES
(1, 'Wildlife Conservation Efforts', 'Focused on preserving wildlife and their habitats through various conservation practices.', 'wildlife-conservation-efforts', '2025-04-02 23:59:52', '2025-04-02 23:59:52'),
(2, 'Eco-tourism Activities', 'Promotes responsible travel to natural areas that conserves the environment and improves the well-being of local people.', 'eco-tourism-activities', '2025-04-02 23:59:52', '2025-04-02 23:59:52'),
(3, 'Eco-Funding Mechanisms', 'Financial strategies and sources designed to support environmental projects and conservation initiatives.', 'eco-funding-mechanisms', '2025-04-02 23:59:52', '2025-04-02 23:59:52');

-- --------------------------------------------------------

--
-- Table structure for table `cities`
--

CREATE TABLE `cities` (
  `id` bigint(20) UNSIGNED NOT NULL,
  `province_id` bigint(20) UNSIGNED NOT NULL,
  `name` varchar(255) NOT NULL,
  `slug` varchar(255) DEFAULT NULL,
  `created_at` timestamp NULL DEFAULT NULL,
  `updated_at` timestamp NULL DEFAULT NULL
) ENGINE=InnoDB DEFAULT CHARSET=utf8mb4 COLLATE=utf8mb4_unicode_ci;

--
-- Dumping data for table `cities`
--

INSERT INTO `cities` (`id`, `province_id`, `name`, `slug`, `created_at`, `updated_at`) VALUES
(1, 2, 'Acturus', 'acturus', '2025-04-02 23:59:52', '2025-04-02 23:59:52'),
(2, 2, 'Adylinn', 'adylinn', '2025-04-02 23:59:52', '2025-04-02 23:59:52'),
(3, 2, 'Airport', 'airport', '2025-04-02 23:59:52', '2025-04-02 23:59:52'),
(4, 2, 'Alexandra Park', 'alexandra-park', '2025-04-02 23:59:52', '2025-04-02 23:59:52'),
(5, 2, 'Amby', 'amby', '2025-04-02 23:59:52', '2025-04-02 23:59:52'),
(6, 2, 'Arcadia', 'arcadia', '2025-04-02 23:59:52', '2025-04-02 23:59:52'),
(7, 2, 'Ardbennie', 'ardbennie', '2025-04-02 23:59:52', '2025-04-02 23:59:52'),
(8, 2, 'Arlington', 'arlington', '2025-04-02 23:59:52', '2025-04-02 23:59:52'),
(9, 2, 'Arundel', 'arundel', '2025-04-02 23:59:52', '2025-04-02 23:59:52'),
(10, 1, 'Ascot', 'ascot', '2025-04-02 23:59:52', '2025-04-02 23:59:52'),
(11, 2, 'Ashbrittle', 'ashbrittle', '2025-04-02 23:59:52', '2025-04-02 23:59:52'),
(12, 2, 'Ashdown Park', 'ashdown-park', '2025-04-02 23:59:52', '2025-04-02 23:59:52'),
(13, 2, 'Aspindale Park', 'aspindale-park', '2025-04-02 23:59:52', '2025-04-02 23:59:52'),
(14, 2, 'Athlone', 'athlone', '2025-04-02 23:59:52', '2025-04-02 23:59:52'),
(15, 1, 'Avenues', 'avenues', '2025-04-02 23:59:52', '2025-04-02 23:59:52'),
(16, 2, 'Avenues', 'avenues-1', '2025-04-02 23:59:52', '2025-04-02 23:59:52'),
(17, 7, 'Avoca', 'avoca', '2025-04-02 23:59:52', '2025-04-02 23:59:52'),
(18, 2, 'Avondale', 'avondale', '2025-04-02 23:59:52', '2025-04-02 23:59:52'),
(19, 2, 'Avonlea', 'avonlea', '2025-04-02 23:59:52', '2025-04-02 23:59:52'),
(20, 2, 'Ballantyne Park', 'ballantyne-park', '2025-04-02 23:59:52', '2025-04-02 23:59:52'),
(21, 6, 'Banket', 'banket', '2025-04-02 23:59:52', '2025-04-02 23:59:52'),
(22, 1, 'Barbour Fields', 'barbour-fields', '2025-04-02 23:59:52', '2025-04-02 23:59:52'),
(23, 1, 'Barham Green', 'barham-green', '2025-04-02 23:59:52', '2025-04-02 23:59:52'),
(24, 1, 'Beacon Hill', 'beacon-hill', '2025-04-02 23:59:52', '2025-04-02 23:59:52'),
(25, 6, 'Beatrice', 'beatrice', '2025-04-02 23:59:52', '2025-04-02 23:59:52'),
(26, 9, 'Beitbridge', 'beitbridge', '2025-04-02 23:59:52', '2025-04-02 23:59:52'),
(27, 2, 'Belgravia', 'belgravia', '2025-04-02 23:59:52', '2025-04-02 23:59:52'),
(28, 1, 'Bellevue', 'bellevue', '2025-04-02 23:59:52', '2025-04-02 23:59:52'),
(29, 1, 'Belmont', 'belmont', '2025-04-02 23:59:52', '2025-04-02 23:59:52'),
(30, 1, 'Belmont Industrial Area', 'belmont-industrial-area', '2025-04-02 23:59:52', '2025-04-02 23:59:52'),
(31, 2, 'Belvedere', 'belvedere', '2025-04-02 23:59:52', '2025-04-02 23:59:52'),
(32, 2, 'Beverly', 'beverly', '2025-04-02 23:59:52', '2025-04-02 23:59:52'),
(33, 1, 'Bhazha', 'bhazha', '2025-04-02 23:59:52', '2025-04-02 23:59:52'),
(34, 7, 'Bikita', 'bikita', '2025-04-02 23:59:52', '2025-04-02 23:59:52'),
(35, 4, 'Bindura', 'bindura', '2025-04-02 23:59:52', '2025-04-02 23:59:52'),
(36, 8, 'Binga', 'binga', '2025-04-02 23:59:52', '2025-04-02 23:59:52'),
(37, 3, 'Birchenough Bridge', 'birchenough-bridge', '2025-04-02 23:59:52', '2025-04-02 23:59:52'),
(38, 3, 'Biriwiri', 'biriwiri', '2025-04-02 23:59:52', '2025-04-02 23:59:52'),
(39, 2, 'Bloomingdale', 'bloomingdale', '2025-04-02 23:59:52', '2025-04-02 23:59:52'),
(40, 3, 'Bonda', 'bonda', '2025-04-02 23:59:52', '2025-04-02 23:59:52'),
(41, 2, 'Borrowdale', 'borrowdale', '2025-04-02 23:59:52', '2025-04-02 23:59:52'),
(42, 1, 'Bradfield', 'bradfield', '2025-04-02 23:59:52', '2025-04-02 23:59:52'),
(43, 2, 'Braeside', 'braeside', '2025-04-02 23:59:52', '2025-04-02 23:59:52'),
(44, 2, 'Brooke Ridge', 'brooke-ridge', '2025-04-02 23:59:52', '2025-04-02 23:59:52'),
(45, 2, 'Budiriro', 'budiriro', '2025-04-02 23:59:52', '2025-04-02 23:59:52'),
(46, 2, 'Buf Hill', 'buf-hill', '2025-04-02 23:59:52', '2025-04-02 23:59:52'),
(47, 3, 'Buhera', 'buhera', '2025-04-02 23:59:52', '2025-04-02 23:59:52'),
(48, 1, 'Bulawayo', 'bulawayo', '2025-04-02 23:59:52', '2025-04-02 23:59:52'),
(49, 1, 'Burnside', 'burnside', '2025-04-02 23:59:52', '2025-04-02 23:59:52'),
(50, 2, 'Carrick Creag', 'carrick-creag', '2025-04-02 23:59:52', '2025-04-02 23:59:52'),
(51, 1, 'Cement', 'cement', '2025-04-02 23:59:52', '2025-04-02 23:59:52'),
(52, 4, 'Centenary', 'centenary', '2025-04-02 23:59:52', '2025-04-02 23:59:52'),
(53, 2, 'Chadcombe', 'chadcombe', '2025-04-02 23:59:52', '2025-04-02 23:59:52'),
(54, 2, 'Changadzi', 'changadzi', '2025-04-02 23:59:52', '2025-04-02 23:59:52'),
(55, 7, 'Chatsworth', 'chatsworth', '2025-04-02 23:59:52', '2025-04-02 23:59:52'),
(56, 3, 'Checheche', 'checheche', '2025-04-02 23:59:52', '2025-04-02 23:59:52'),
(57, 6, 'Chegutu', 'chegutu', '2025-04-02 23:59:52', '2025-04-02 23:59:52'),
(58, 5, 'Chikomba', 'chikomba', '2025-04-02 23:59:52', '2025-04-02 23:59:52'),
(59, 2, 'Chikurubi', 'chikurubi', '2025-04-02 23:59:52', '2025-04-02 23:59:52'),
(60, 3, 'Chimanimani', 'chimanimani', '2025-04-02 23:59:52', '2025-04-02 23:59:52'),
(61, 6, 'Chinhoyi', 'chinhoyi', '2025-04-02 23:59:52', '2025-04-02 23:59:52'),
(62, 5, 'Chipfukutu', 'chipfukutu', '2025-04-02 23:59:52', '2025-04-02 23:59:52'),
(63, 3, 'Chipinge', 'chipinge', '2025-04-02 23:59:52', '2025-04-02 23:59:52'),
(64, 7, 'Chiredzi', 'chiredzi', '2025-04-02 23:59:52', '2025-04-02 23:59:52'),
(65, 5, 'Chishawasha', 'chishawasha', '2025-04-02 23:59:52', '2025-04-02 23:59:52'),
(66, 2, 'Chisipite', 'chisipite', '2025-04-02 23:59:52', '2025-04-02 23:59:52'),
(67, 5, 'Chitungwiza', 'chitungwiza', '2025-04-02 23:59:52', '2025-04-02 23:59:52'),
(68, 5, 'Chivhu', 'chivhu', '2025-04-02 23:59:52', '2025-04-02 23:59:52'),
(69, 7, 'Chivi', 'chivi', '2025-04-02 23:59:52', '2025-04-02 23:59:52'),
(70, 4, 'Chiweshe', 'chiweshe', '2025-04-02 23:59:52', '2025-04-02 23:59:52'),
(71, 1, 'City Centre', 'city-centre', '2025-04-02 23:59:52', '2025-04-02 23:59:52'),
(72, 2, 'City Centre', 'city-centre-1', '2025-04-02 23:59:52', '2025-04-02 23:59:52'),
(73, 2, 'Cold Comfort', 'cold-comfort', '2025-04-02 23:59:52', '2025-04-02 23:59:52'),
(74, 2, 'Colne Valley', 'colne-valley', '2025-04-02 23:59:52', '2025-04-02 23:59:52'),
(75, 2, 'Colray', 'colray', '2025-04-02 23:59:52', '2025-04-02 23:59:52'),
(76, 4, 'Concession', 'concession', '2025-04-02 23:59:52', '2025-04-02 23:59:52'),
(77, 2, 'Coronation Park', 'coronation-park', '2025-04-02 23:59:52', '2025-04-02 23:59:52'),
(78, 2, 'Cotswold Hills', 'cotswold-hills', '2025-04-02 23:59:52', '2025-04-02 23:59:52'),
(79, 1, 'Cowdray Park', 'cowdray-park', '2025-04-02 23:59:52', '2025-04-02 23:59:52'),
(80, 2, 'Cranebone', 'cranebone', '2025-04-02 23:59:52', '2025-04-02 23:59:52'),
(81, 2, 'Crowborough', 'crowborough', '2025-04-02 23:59:52', '2025-04-02 23:59:52'),
(82, 2, 'Damafalls', 'damafalls', '2025-04-02 23:59:52', '2025-04-02 23:59:52'),
(83, 5, 'Darwendale', 'darwendale', '2025-04-02 23:59:52', '2025-04-02 23:59:52'),
(84, 2, 'Dawn Hill', 'dawn-hill', '2025-04-02 23:59:52', '2025-04-02 23:59:52'),
(85, 5, 'Domboshava', 'domboshava', '2025-04-02 23:59:52', '2025-04-02 23:59:52'),
(86, 1, 'Donnington', 'donnington', '2025-04-02 23:59:52', '2025-04-02 23:59:52'),
(87, 1, 'Donnington West', 'donnington-west', '2025-04-02 23:59:52', '2025-04-02 23:59:52'),
(88, 2, 'Donny Brooke', 'donny-brooke', '2025-04-02 23:59:52', '2025-04-02 23:59:52'),
(89, 3, 'Dorowa', 'dorowa', '2025-04-02 23:59:52', '2025-04-02 23:59:52'),
(90, 1, 'Douglasdale', 'douglasdale', '2025-04-02 23:59:52', '2025-04-02 23:59:52'),
(91, 2, 'Dzivarasekwa', 'dzivarasekwa', '2025-04-02 23:59:52', '2025-04-02 23:59:52'),
(92, 2, 'Eastlea', 'eastlea', '2025-04-02 23:59:52', '2025-04-02 23:59:52'),
(93, 2, 'Eastview', 'eastview', '2025-04-02 23:59:52', '2025-04-02 23:59:52'),
(94, 1, 'Eloana', 'eloana', '2025-04-02 23:59:52', '2025-04-02 23:59:52'),
(95, 1, 'Emakhandeni', 'emakhandeni', '2025-04-02 23:59:52', '2025-04-02 23:59:52'),
(96, 2, 'Emerald Hill', 'emerald-hill', '2025-04-02 23:59:52', '2025-04-02 23:59:52'),
(97, 1, 'Emganwini', 'emganwini', '2025-04-02 23:59:52', '2025-04-02 23:59:52'),
(98, 1, 'Enqameni', 'enqameni', '2025-04-02 23:59:52', '2025-04-02 23:59:52'),
(99, 1, 'Enqotsheni', 'enqotsheni', '2025-04-02 23:59:52', '2025-04-02 23:59:52'),
(100, 1, 'Entumbane', 'entumbane', '2025-04-02 23:59:52', '2025-04-02 23:59:52'),
(101, 2, 'Epworth', 'epworth', '2025-04-02 23:59:52', '2025-04-02 23:59:52'),
(102, 1, 'Esigodini', 'esigodini', '2025-04-02 23:59:52', '2025-04-02 23:59:52'),
(103, 1, 'Fagadola', 'fagadola', '2025-04-02 23:59:52', '2025-04-02 23:59:52'),
(104, 1, 'Famona', 'famona', '2025-04-02 23:59:52', '2025-04-02 23:59:52'),
(105, 8, 'Fig Tree', 'fig-tree', '2025-04-02 23:59:52', '2025-04-02 23:59:52'),
(106, 9, 'Filabusi', 'filabusi', '2025-04-02 23:59:52', '2025-04-02 23:59:52'),
(107, 1, 'Filabusi', 'filabusi-1', '2025-04-02 23:59:52', '2025-04-02 23:59:52'),
(108, 1, 'Fortunes Gate', 'fortunes-gate', '2025-04-02 23:59:52', '2025-04-02 23:59:52'),
(109, 2, 'Gevstein Park', 'gevstein-park', '2025-04-02 23:59:52', '2025-04-02 23:59:52'),
(110, 2, 'Glaudina', 'glaudina', '2025-04-02 23:59:52', '2025-04-02 23:59:52'),
(111, 2, 'Glen Lorne', 'glen-lorne', '2025-04-02 23:59:52', '2025-04-02 23:59:52'),
(112, 2, 'Glen View', 'glen-view', '2025-04-02 23:59:52', '2025-04-02 23:59:52'),
(113, 1, 'Glencoe', 'glencoe', '2025-04-02 23:59:52', '2025-04-02 23:59:52'),
(114, 4, 'Glendale', 'glendale', '2025-04-02 23:59:52', '2025-04-02 23:59:52'),
(115, 1, 'Glengary', 'glengary', '2025-04-02 23:59:52', '2025-04-02 23:59:52'),
(116, 2, 'Glennorah', 'glennorah', '2025-04-02 23:59:52', '2025-04-02 23:59:52'),
(117, 1, 'Glenville', 'glenville', '2025-04-02 23:59:52', '2025-04-02 23:59:52'),
(118, 2, 'Glenwood', 'glenwood', '2025-04-02 23:59:52', '2025-04-02 23:59:52'),
(119, 10, 'Gokwe', 'gokwe', '2025-04-02 23:59:52', '2025-04-02 23:59:52'),
(120, 5, 'Goromonzi', 'goromonzi', '2025-04-02 23:59:52', '2025-04-02 23:59:52'),
(121, 1, 'Granite Park', 'granite-park', '2025-04-02 23:59:52', '2025-04-02 23:59:52'),
(122, 2, 'Graniteside', 'graniteside', '2025-04-02 23:59:52', '2025-04-02 23:59:52'),
(123, 2, 'Green Grove', 'green-grove', '2025-04-02 23:59:52', '2025-04-02 23:59:52'),
(124, 2, 'Greencroft', 'greencroft', '2025-04-02 23:59:52', '2025-04-02 23:59:52'),
(125, 2, 'Greendale', 'greendale', '2025-04-02 23:59:52', '2025-04-02 23:59:52'),
(126, 1, 'Greenhill', 'greenhill', '2025-04-02 23:59:52', '2025-04-02 23:59:52'),
(127, 2, 'Greystone Park', 'greystone-park', '2025-04-02 23:59:52', '2025-04-02 23:59:52'),
(128, 2, 'Groombridge', 'groombridge', '2025-04-02 23:59:52', '2025-04-02 23:59:52'),
(129, 2, 'Gunhill', 'gunhill', '2025-04-02 23:59:52', '2025-04-02 23:59:52'),
(130, 4, 'Guruve', 'guruve', '2025-04-02 23:59:52', '2025-04-02 23:59:52'),
(131, 7, 'Gutu', 'gutu', '2025-04-02 23:59:52', '2025-04-02 23:59:52'),
(132, 1, 'Gwabalanda', 'gwabalanda', '2025-04-02 23:59:52', '2025-04-02 23:59:52'),
(133, 9, 'Gwanda', 'gwanda', '2025-04-02 23:59:52', '2025-04-02 23:59:52'),
(134, 10, 'Gweru', 'gweru', '2025-04-02 23:59:52', '2025-04-02 23:59:52'),
(135, 2, 'Haig Park', 'haig-park', '2025-04-02 23:59:52', '2025-04-02 23:59:52'),
(136, 2, 'Harare', 'harare', '2025-04-02 23:59:52', '2025-04-02 23:59:52'),
(137, 1, 'Harrisvale', 'harrisvale', '2025-04-02 23:59:52', '2025-04-02 23:59:52'),
(138, 2, 'Hatcliffe', 'hatcliffe', '2025-04-02 23:59:52', '2025-04-02 23:59:52'),
(139, 2, 'Hatfield', 'hatfield', '2025-04-02 23:59:52', '2025-04-02 23:59:52'),
(140, 3, 'Hauna', 'hauna', '2025-04-02 23:59:52', '2025-04-02 23:59:52'),
(141, 3, 'Headlands', 'headlands', '2025-04-02 23:59:52', '2025-04-02 23:59:52'),
(142, 2, 'Helensvale', 'helensvale', '2025-04-02 23:59:52', '2025-04-02 23:59:52'),
(143, 1, 'Helenvale', 'helenvale', '2025-04-02 23:59:52', '2025-04-02 23:59:52'),
(144, 2, 'Highfield', 'highfield', '2025-04-02 23:59:52', '2025-04-02 23:59:52'),
(145, 2, 'Highlands', 'highlands', '2025-04-02 23:59:52', '2025-04-02 23:59:52'),
(146, 2, 'Highlen', 'highlen', '2025-04-02 23:59:52', '2025-04-02 23:59:52'),
(147, 1, 'Highmount', 'highmount', '2025-04-02 23:59:52', '2025-04-02 23:59:52'),
(148, 1, 'Hillcrest', 'hillcrest', '2025-04-02 23:59:52', '2025-04-02 23:59:52'),
(149, 1, 'Hillside', 'hillside', '2025-04-02 23:59:52', '2025-04-02 23:59:52'),
(150, 2, 'Hillside', 'hillside-1', '2025-04-02 23:59:52', '2025-04-02 23:59:52'),
(151, 1, 'Hillside South', 'hillside-south', '2025-04-02 23:59:52', '2025-04-02 23:59:52'),
(152, 2, 'Hogerty Hill', 'hogerty-hill', '2025-04-02 23:59:52', '2025-04-02 23:59:52'),
(153, 2, 'Hopley', 'hopley', '2025-04-02 23:59:52', '2025-04-02 23:59:52'),
(154, 2, 'Houghton Park', 'houghton-park', '2025-04-02 23:59:52', '2025-04-02 23:59:52'),
(155, 1, 'Hume Park', 'hume-park', '2025-04-02 23:59:52', '2025-04-02 23:59:52'),
(156, 6, 'Hurungwe', 'hurungwe', '2025-04-02 23:59:52', '2025-04-02 23:59:52'),
(157, 9, 'Hwange', 'hwange', '2025-04-02 23:59:52', '2025-04-02 23:59:52'),
(158, 1, 'Hyde Park', 'hyde-park', '2025-04-02 23:59:52', '2025-04-02 23:59:52'),
(159, 1, 'Ilanda', 'ilanda', '2025-04-02 23:59:52', '2025-04-02 23:59:52'),
(160, 1, 'Iminyela', 'iminyela', '2025-04-02 23:59:52', '2025-04-02 23:59:52'),
(161, 9, 'Insiza', 'insiza', '2025-04-02 23:59:52', '2025-04-02 23:59:52'),
(162, 1, 'Intini', 'intini', '2025-04-02 23:59:52', '2025-04-02 23:59:52'),
(163, 8, 'Inyathi', 'inyathi', '2025-04-02 23:59:52', '2025-04-02 23:59:52'),
(164, 1, 'Jacaranda', 'jacaranda', '2025-04-02 23:59:52', '2025-04-02 23:59:52'),
(165, 7, 'Jerera', 'jerera', '2025-04-02 23:59:52', '2025-04-02 23:59:52'),
(166, 3, 'Juliasdale', 'juliasdale', '2025-04-02 23:59:52', '2025-04-02 23:59:52'),
(167, 5, 'Juru', 'juru', '2025-04-02 23:59:52', '2025-04-02 23:59:52'),
(168, 6, 'Kadoma', 'kadoma', '2025-04-02 23:59:52', '2025-04-02 23:59:52'),
(169, 2, 'Kambanje', 'kambanje', '2025-04-02 23:59:52', '2025-04-02 23:59:52'),
(170, 2, 'Kambuzuma', 'kambuzuma', '2025-04-02 23:59:52', '2025-04-02 23:59:52'),
(171, 6, 'Kariba', 'kariba', '2025-04-02 23:59:52', '2025-04-02 23:59:52'),
(172, 6, 'Karoi', 'karoi', '2025-04-02 23:59:52', '2025-04-02 23:59:52'),
(173, 1, 'Kelvin East', 'kelvin-east', '2025-04-02 23:59:52', '2025-04-02 23:59:52'),
(174, 1, 'Kelvin North', 'kelvin-north', '2025-04-02 23:59:52', '2025-04-02 23:59:52'),
(175, 1, 'Kelvin West', 'kelvin-west', '2025-04-02 23:59:52', '2025-04-02 23:59:52'),
(176, 1, 'Kenilworth', 'kenilworth', '2025-04-02 23:59:52', '2025-04-02 23:59:52'),
(177, 2, 'Kensington', 'kensington', '2025-04-02 23:59:52', '2025-04-02 23:59:52'),
(178, 9, 'Kezi', 'kezi', '2025-04-02 23:59:52', '2025-04-02 23:59:52'),
(179, 1, 'Khumalo', 'khumalo', '2025-04-02 23:59:52', '2025-04-02 23:59:52'),
(180, 2, 'Khumalo', 'khumalo-1', '2025-04-02 23:59:52', '2025-04-02 23:59:52'),
(181, 1, 'Kilallo', 'kilallo', '2025-04-02 23:59:52', '2025-04-02 23:59:52'),
(182, 1, 'Killarney', 'killarney', '2025-04-02 23:59:52', '2025-04-02 23:59:52'),
(183, 1, 'Kingsdale', 'kingsdale', '2025-04-02 23:59:52', '2025-04-02 23:59:52'),
(184, 2, 'Kopje', 'kopje', '2025-04-02 23:59:52', '2025-04-02 23:59:52'),
(185, 2, 'Kutsaga', 'kutsaga', '2025-04-02 23:59:52', '2025-04-02 23:59:52'),
(186, 2, 'Kuwadzana', 'kuwadzana', '2025-04-02 23:59:52', '2025-04-02 23:59:52'),
(187, 10, 'Kwekwe', 'kwekwe', '2025-04-02 23:59:52', '2025-04-02 23:59:52'),
(188, 1, 'Lakeside', 'lakeside', '2025-04-02 23:59:52', '2025-04-02 23:59:52'),
(189, 10, 'Lalapanzi', 'lalapanzi', '2025-04-02 23:59:52', '2025-04-02 23:59:52'),
(190, 2, 'Letombo Park', 'letombo-park', '2025-04-02 23:59:52', '2025-04-02 23:59:52'),
(191, 2, 'Lewisam', 'lewisam', '2025-04-02 23:59:52', '2025-04-02 23:59:52'),
(192, 2, 'Little Norfolk', 'little-norfolk', '2025-04-02 23:59:52', '2025-04-02 23:59:52'),
(193, 1, 'Lobengula', 'lobengula', '2025-04-02 23:59:52', '2025-04-02 23:59:52'),
(194, 1, 'Lobenvale', 'lobenvale', '2025-04-02 23:59:52', '2025-04-02 23:59:52'),
(195, 2, 'Lochinvar', 'lochinvar', '2025-04-02 23:59:52', '2025-04-02 23:59:52'),
(196, 1, 'Lochview', 'lochview', '2025-04-02 23:59:52', '2025-04-02 23:59:52'),
(197, 2, 'Logan Park', 'logan-park', '2025-04-02 23:59:52', '2025-04-02 23:59:52'),
(198, 8, 'Lupane', 'lupane', '2025-04-02 23:59:52', '2025-04-02 23:59:52'),
(199, 1, 'Luveve', 'luveve', '2025-04-02 23:59:52', '2025-04-02 23:59:52'),
(200, 2, 'Mabelreign', 'mabelreign', '2025-04-02 23:59:52', '2025-04-02 23:59:52'),
(201, 1, 'Mabuthweni', 'mabuthweni', '2025-04-02 23:59:52', '2025-04-02 23:59:52'),
(202, 2, 'Mabvuku', 'mabvuku', '2025-04-02 23:59:52', '2025-04-02 23:59:52'),
(203, 4, 'Madziva', 'madziva', '2025-04-02 23:59:52', '2025-04-02 23:59:52'),
(204, 1, 'Magwegwe', 'magwegwe', '2025-04-02 23:59:52', '2025-04-02 23:59:52'),
(205, 1, 'Magwegwe North', 'magwegwe-north', '2025-04-02 23:59:52', '2025-04-02 23:59:52'),
(206, 1, 'Magwegwe West', 'magwegwe-west', '2025-04-02 23:59:52', '2025-04-02 23:59:52'),
(207, 1, 'Mahatshula', 'mahatshula', '2025-04-02 23:59:52', '2025-04-02 23:59:52'),
(208, 2, 'Mainway Meadows', 'mainway-meadows', '2025-04-02 23:59:52', '2025-04-02 23:59:52'),
(209, 1, 'Makhokhoba', 'makhokhoba', '2025-04-02 23:59:52', '2025-04-02 23:59:52'),
(210, 1, 'Malindela', 'malindela', '2025-04-02 23:59:52', '2025-04-02 23:59:52'),
(211, 2, 'Mandara', 'mandara', '2025-04-02 23:59:52', '2025-04-02 23:59:52'),
(212, 1, 'Manningdale', 'manningdale', '2025-04-02 23:59:52', '2025-04-02 23:59:52'),
(213, 2, 'Manresa', 'manresa', '2025-04-02 23:59:52', '2025-04-02 23:59:52'),
(214, 9, 'Maphisa', 'maphisa', '2025-04-02 23:59:52', '2025-04-02 23:59:52'),
(215, 3, 'Marange', 'marange', '2025-04-02 23:59:52', '2025-04-02 23:59:52'),
(216, 2, 'Marimba Park', 'marimba-park', '2025-04-02 23:59:52', '2025-04-02 23:59:52'),
(217, 1, 'Marlands', 'marlands', '2025-04-02 23:59:52', '2025-04-02 23:59:52'),
(218, 2, 'Marlborough', 'marlborough', '2025-04-02 23:59:52', '2025-04-02 23:59:52'),
(219, 5, 'Marondera', 'marondera', '2025-04-02 23:59:52', '2025-04-02 23:59:52'),
(220, 7, 'Mashava', 'mashava', '2025-04-02 23:59:52', '2025-04-02 23:59:52'),
(221, 7, 'Masvingo', 'masvingo', '2025-04-02 23:59:52', '2025-04-02 23:59:52'),
(222, 2, 'Matidoda', 'matidoda', '2025-04-02 23:59:52', '2025-04-02 23:59:52'),
(223, 1, 'Matsheumhlope', 'matsheumhlope', '2025-04-02 23:59:52', '2025-04-02 23:59:52'),
(224, 1, 'Matshobana', 'matshobana', '2025-04-02 23:59:52', '2025-04-02 23:59:52'),
(225, 4, 'Mazowe', 'mazowe', '2025-04-02 23:59:52', '2025-04-02 23:59:52'),
(226, 9, 'Mbalabala', 'mbalabala', '2025-04-02 23:59:52', '2025-04-02 23:59:52'),
(227, 2, 'Mbare', 'mbare', '2025-04-02 23:59:52', '2025-04-02 23:59:52'),
(228, 10, 'Mberengwa', 'mberengwa', '2025-04-02 23:59:52', '2025-04-02 23:59:52'),
(229, 2, 'Meyrick Park', 'meyrick-park', '2025-04-02 23:59:52', '2025-04-02 23:59:52'),
(230, 6, 'Mhangura', 'mhangura', '2025-04-02 23:59:52', '2025-04-02 23:59:52'),
(231, 6, 'Mhondoro', 'mhondoro', '2025-04-02 23:59:52', '2025-04-02 23:59:52'),
(232, 2, 'Milton Park', 'milton-park', '2025-04-02 23:59:52', '2025-04-02 23:59:52'),
(233, 10, 'Mkoba', 'mkoba', '2025-04-02 23:59:52', '2025-04-02 23:59:52'),
(234, 2, 'Monavale', 'monavale', '2025-04-02 23:59:52', '2025-04-02 23:59:52'),
(235, 1, 'Montgomery', 'montgomery', '2025-04-02 23:59:52', '2025-04-02 23:59:52'),
(236, 1, 'Montrose', 'montrose', '2025-04-02 23:59:52', '2025-04-02 23:59:52'),
(237, 1, 'Morningside', 'morningside', '2025-04-02 23:59:52', '2025-04-02 23:59:52'),
(238, 2, 'Mount Hampden', 'mount-hampden', '2025-04-02 23:59:52', '2025-04-02 23:59:52'),
(239, 2, 'Mount Pleasant', 'mount-pleasant', '2025-04-02 23:59:52', '2025-04-02 23:59:52'),
(240, 1, 'Mpopoma', 'mpopoma', '2025-04-02 23:59:52', '2025-04-02 23:59:52'),
(241, 2, 'Msasa', 'msasa', '2025-04-02 23:59:52', '2025-04-02 23:59:52'),
(242, 4, 'Mt Darwin', 'mt-darwin', '2025-04-02 23:59:52', '2025-04-02 23:59:52'),
(243, 3, 'Mt Selinda', 'mt-selinda', '2025-04-02 23:59:52', '2025-04-02 23:59:52'),
(244, 5, 'Mudzi', 'mudzi', '2025-04-02 23:59:52', '2025-04-02 23:59:52'),
(245, 2, 'Mufakose', 'mufakose', '2025-04-02 23:59:52', '2025-04-02 23:59:52'),
(246, 2, 'Mukuvisi', 'mukuvisi', '2025-04-02 23:59:52', '2025-04-02 23:59:52'),
(247, 1, 'Munda', 'munda', '2025-04-02 23:59:52', '2025-04-02 23:59:52'),
(248, 3, 'Murambinda', 'murambinda', '2025-04-02 23:59:52', '2025-04-02 23:59:52'),
(249, 5, 'Murewa', 'murewa', '2025-04-02 23:59:52', '2025-04-02 23:59:52'),
(250, 6, 'Murombedzi', 'murombedzi', '2025-04-02 23:59:52', '2025-04-02 23:59:52'),
(251, 3, 'Mutare', 'mutare', '2025-04-02 23:59:52', '2025-04-02 23:59:52'),
(252, 3, 'Mutasa', 'mutasa', '2025-04-02 23:59:52', '2025-04-02 23:59:52'),
(253, 5, 'Mutawatawa', 'mutawatawa', '2025-04-02 23:59:52', '2025-04-02 23:59:52'),
(254, 5, 'Mutoko', 'mutoko', '2025-04-02 23:59:52', '2025-04-02 23:59:52'),
(255, 6, 'Mutorashanga', 'mutorashanga', '2025-04-02 23:59:52', '2025-04-02 23:59:52'),
(256, 10, 'Muvonde', 'muvonde', '2025-04-02 23:59:52', '2025-04-02 23:59:52'),
(257, 4, 'Muzaravani', 'muzaravani', '2025-04-02 23:59:52', '2025-04-02 23:59:52'),
(258, 10, 'Mvuma', 'mvuma', '2025-04-02 23:59:52', '2025-04-02 23:59:52'),
(259, 2, 'Mvumba', 'mvumba', '2025-04-02 23:59:52', '2025-04-02 23:59:52'),
(260, 4, 'Mvurwi', 'mvurwi', '2025-04-02 23:59:52', '2025-04-02 23:59:52'),
(261, 7, 'Mwenezi', 'mwenezi', '2025-04-02 23:59:52', '2025-04-02 23:59:52'),
(262, 1, 'Mzilikazi', 'mzilikazi', '2025-04-02 23:59:52', '2025-04-02 23:59:52'),
(263, 9, 'Mzingwane', 'mzingwane', '2025-04-02 23:59:52', '2025-04-02 23:59:52'),
(264, 3, 'Nayzura', 'nayzura', '2025-04-02 23:59:52', '2025-04-02 23:59:52'),
(265, 1, 'New Luveve', 'new-luveve', '2025-04-02 23:59:52', '2025-04-02 23:59:52'),
(266, 2, 'Newlands', 'newlands', '2025-04-02 23:59:52', '2025-04-02 23:59:52'),
(267, 1, 'Newsmansford', 'newsmansford', '2025-04-02 23:59:52', '2025-04-02 23:59:52'),
(268, 1, 'Newton', 'newton', '2025-04-02 23:59:52', '2025-04-02 23:59:52'),
(269, 6, 'Ngezi', 'ngezi', '2025-04-02 23:59:52', '2025-04-02 23:59:52'),
(270, 1, 'Nguboyenja', 'nguboyenja', '2025-04-02 23:59:52', '2025-04-02 23:59:52'),
(271, 3, 'Nhedziwa', 'nhedziwa', '2025-04-02 23:59:52', '2025-04-02 23:59:52'),
(272, 1, 'Njube', 'njube', '2025-04-02 23:59:52', '2025-04-02 23:59:52'),
(273, 8, 'Nkayi', 'nkayi', '2025-04-02 23:59:52', '2025-04-02 23:59:52'),
(274, 1, 'Nketa', 'nketa', '2025-04-02 23:59:52', '2025-04-02 23:59:52'),
(275, 1, 'Nkulumane', 'nkulumane', '2025-04-02 23:59:52', '2025-04-02 23:59:52'),
(276, 2, 'Nkwisi Park', 'nkwisi-park', '2025-04-02 23:59:52', '2025-04-02 23:59:52'),
(277, 1, 'North End', 'north-end', '2025-04-02 23:59:52', '2025-04-02 23:59:52'),
(278, 1, 'North Lynne', 'north-lynne', '2025-04-02 23:59:52', '2025-04-02 23:59:52'),
(279, 1, 'North Trenace', 'north-trenace', '2025-04-02 23:59:52', '2025-04-02 23:59:52'),
(280, 1, 'Northlea', 'northlea', '2025-04-02 23:59:52', '2025-04-02 23:59:52'),
(281, 1, 'Northvale', 'northvale', '2025-04-02 23:59:52', '2025-04-02 23:59:52'),
(282, 2, 'Northwood', 'northwood', '2025-04-02 23:59:52', '2025-04-02 23:59:52'),
(283, 6, 'Norton', 'norton', '2025-04-02 23:59:52', '2025-04-02 23:59:52'),
(284, 1, 'Ntaba Moyo', 'ntaba-moyo', '2025-04-02 23:59:52', '2025-04-02 23:59:52'),
(285, 1, 'Ntabazinduna', 'ntabazinduna', '2025-04-02 23:59:52', '2025-04-02 23:59:52'),
(286, 6, 'Nyabira', 'nyabira', '2025-04-02 23:59:52', '2025-04-02 23:59:52'),
(287, 8, 'Nyamandlovu', 'nyamandlovu', '2025-04-02 23:59:52', '2025-04-02 23:59:52'),
(288, 3, 'Nyanga', 'nyanga', '2025-04-02 23:59:52', '2025-04-02 23:59:52'),
(289, 3, 'Nyanyadzi', 'nyanyadzi', '2025-04-02 23:59:52', '2025-04-02 23:59:52'),
(290, 7, 'Nyika', 'nyika', '2025-04-02 23:59:52', '2025-04-02 23:59:52'),
(291, 3, 'Odzi', 'odzi', '2025-04-02 23:59:52', '2025-04-02 23:59:52'),
(292, 1, 'Orange Grove', 'orange-grove', '2025-04-02 23:59:52', '2025-04-02 23:59:52'),
(293, 1, 'Paddonhurst', 'paddonhurst', '2025-04-02 23:59:52', '2025-04-02 23:59:52'),
(294, 2, 'Park Meadowlands', 'park-meadowlands', '2025-04-02 23:59:52', '2025-04-02 23:59:52'),
(295, 1, 'Parklands', 'parklands', '2025-04-02 23:59:52', '2025-04-02 23:59:52'),
(296, 2, 'Parktown', 'parktown', '2025-04-02 23:59:52', '2025-04-02 23:59:52'),
(297, 1, 'Parkview', 'parkview', '2025-04-02 23:59:52', '2025-04-02 23:59:52'),
(298, 3, 'Penhalonga', 'penhalonga', '2025-04-02 23:59:52', '2025-04-02 23:59:52'),
(299, 1, 'Phelandaba', 'phelandaba', '2025-04-02 23:59:52', '2025-04-02 23:59:52'),
(300, 2, 'Philadelphia', 'philadelphia', '2025-04-02 23:59:52', '2025-04-02 23:59:52'),
(301, 1, 'Phumula', 'phumula', '2025-04-02 23:59:52', '2025-04-02 23:59:52'),
(302, 1, 'Phumula South', 'phumula-south', '2025-04-02 23:59:52', '2025-04-02 23:59:52'),
(303, 9, 'Plumtree', 'plumtree', '2025-04-02 23:59:52', '2025-04-02 23:59:52'),
(304, 2, 'Pomona', 'pomona', '2025-04-02 23:59:52', '2025-04-02 23:59:52'),
(305, 2, 'Prospect', 'prospect', '2025-04-02 23:59:52', '2025-04-02 23:59:52'),
(306, 1, 'Queens Park', 'queens-park', '2025-04-02 23:59:52', '2025-04-02 23:59:52'),
(307, 1, 'Queens Park East', 'queens-park-east', '2025-04-02 23:59:52', '2025-04-02 23:59:52'),
(308, 1, 'Queens Park West', 'queens-park-west', '2025-04-02 23:59:52', '2025-04-02 23:59:52'),
(309, 1, 'Queensdale', 'queensdale', '2025-04-02 23:59:52', '2025-04-02 23:59:52'),
(310, 2, 'Queensdale', 'queensdale-1', '2025-04-02 23:59:52', '2025-04-02 23:59:52'),
(311, 2, 'Quinnington', 'quinnington', '2025-04-02 23:59:52', '2025-04-02 23:59:52'),
(312, 6, 'Rafingora', 'rafingora', '2025-04-02 23:59:52', '2025-04-02 23:59:52'),
(313, 1, 'Rangemore', 'rangemore', '2025-04-02 23:59:52', '2025-04-02 23:59:52'),
(314, 1, 'Raylton', 'raylton', '2025-04-02 23:59:52', '2025-04-02 23:59:52'),
(315, 10, 'Redcliff', 'redcliff', '2025-04-02 23:59:52', '2025-04-02 23:59:52'),
(316, 1, 'Redcliff', 'redcliff-1', '2025-04-02 23:59:52', '2025-04-02 23:59:52'),
(317, 7, 'Renco Mine', 'renco-mine', '2025-04-02 23:59:52', '2025-04-02 23:59:52'),
(318, 2, 'Rhodesville', 'rhodesville', '2025-04-02 23:59:52', '2025-04-02 23:59:52'),
(319, 1, 'Richmond', 'richmond', '2025-04-02 23:59:52', '2025-04-02 23:59:52'),
(320, 2, 'Ridgeview', 'ridgeview', '2025-04-02 23:59:52', '2025-04-02 23:59:52'),
(321, 1, 'Riverside', 'riverside', '2025-04-02 23:59:52', '2025-04-02 23:59:52'),
(322, 2, 'Rockville', 'rockville', '2025-04-02 23:59:52', '2025-04-02 23:59:52'),
(323, 2, 'Rolf Valley', 'rolf-valley', '2025-04-02 23:59:52', '2025-04-02 23:59:52'),
(324, 1, 'Romney Park', 'romney-park', '2025-04-02 23:59:52', '2025-04-02 23:59:52'),
(325, 2, 'Rugare', 'rugare', '2025-04-02 23:59:52', '2025-04-02 23:59:52'),
(326, 3, 'Rusape', 'rusape', '2025-04-02 23:59:52', '2025-04-02 23:59:52'),
(327, 4, 'Rushinga', 'rushinga', '2025-04-02 23:59:52', '2025-04-02 23:59:52'),
(328, 5, 'Ruwa', 'ruwa', '2025-04-02 23:59:52', '2025-04-02 23:59:52'),
(329, 2, 'Rydle Ridge', 'rydle-ridge', '2025-04-02 23:59:52', '2025-04-02 23:59:52'),
(330, 5, 'Sadza', 'sadza', '2025-04-02 23:59:52', '2025-04-02 23:59:52'),
(331, 10, 'Sanyati', 'sanyati', '2025-04-02 23:59:52', '2025-04-02 23:59:52'),
(332, 1, 'Sauerstown', 'sauerstown', '2025-04-02 23:59:52', '2025-04-02 23:59:52'),
(333, 5, 'Seke,dema', 'sekedema', '2025-04-02 23:59:52', '2025-04-02 23:59:52'),
(334, 1, 'Selbourne Park', 'selbourne-park', '2025-04-02 23:59:52', '2025-04-02 23:59:52'),
(335, 6, 'Selous', 'selous', '2025-04-02 23:59:52', '2025-04-02 23:59:52'),
(336, 2, 'Sentosa', 'sentosa', '2025-04-02 23:59:52', '2025-04-02 23:59:52'),
(337, 4, 'Shamva', 'shamva', '2025-04-02 23:59:52', '2025-04-02 23:59:52'),
(338, 10, 'Shangani', 'shangani', '2025-04-02 23:59:52', '2025-04-02 23:59:52'),
(339, 2, 'Shawasha Hills', 'shawasha-hills', '2025-04-02 23:59:52', '2025-04-02 23:59:52'),
(340, 2, 'Sherwood Park', 'sherwood-park', '2025-04-02 23:59:52', '2025-04-02 23:59:52'),
(341, 10, 'Shurugwi', 'shurugwi', '2025-04-02 23:59:52', '2025-04-02 23:59:52'),
(342, 2, 'Siabuwa', 'siabuwa', '2025-04-02 23:59:52', '2025-04-02 23:59:52'),
(343, 10, 'Silobela', 'silobela', '2025-04-02 23:59:52', '2025-04-02 23:59:52'),
(344, 1, 'Sizinda', 'sizinda', '2025-04-02 23:59:52', '2025-04-02 23:59:52'),
(345, 1, 'Southdale', 'southdale', '2025-04-02 23:59:52', '2025-04-02 23:59:52'),
(346, 2, 'Southerton', 'southerton', '2025-04-02 23:59:52', '2025-04-02 23:59:52'),
(347, 2, 'Southlea Park', 'southlea-park', '2025-04-02 23:59:52', '2025-04-02 23:59:52'),
(348, 1, 'Southwold', 'southwold', '2025-04-02 23:59:52', '2025-04-02 23:59:52'),
(349, 2, 'St Martins', 'st-martins', '2025-04-02 23:59:52', '2025-04-02 23:59:52'),
(350, 2, 'St Marys', 'st-marys', '2025-04-02 23:59:52', '2025-04-02 23:59:52'),
(351, 1, 'Steeldale', 'steeldale', '2025-04-02 23:59:52', '2025-04-02 23:59:52'),
(352, 2, 'Strathaven', 'strathaven', '2025-04-02 23:59:52', '2025-04-02 23:59:52'),
(353, 1, 'Suburbs', 'suburbs', '2025-04-02 23:59:52', '2025-04-02 23:59:52'),
(354, 2, 'Sunningdale', 'sunningdale', '2025-04-02 23:59:52', '2025-04-02 23:59:52'),
(355, 1, 'Sunninghill', 'sunninghill', '2025-04-02 23:59:52', '2025-04-02 23:59:52'),
(356, 1, 'Sunnyside', 'sunnyside', '2025-04-02 23:59:52', '2025-04-02 23:59:52'),
(357, 2, 'Sunridge', 'sunridge', '2025-04-02 23:59:52', '2025-04-02 23:59:52'),
(358, 2, 'Sunway City', 'sunway-city', '2025-04-02 23:59:52', '2025-04-02 23:59:52'),
(359, 2, 'Tafara', 'tafara', '2025-04-02 23:59:52', '2025-04-02 23:59:52'),
(360, 1, 'Tegela', 'tegela', '2025-04-02 23:59:52', '2025-04-02 23:59:52'),
(361, 2, 'The Grange', 'the-grange', '2025-04-02 23:59:52', '2025-04-02 23:59:52'),
(362, 1, 'The Jungle', 'the-jungle', '2025-04-02 23:59:52', '2025-04-02 23:59:52'),
(363, 1, 'Thorngrove', 'thorngrove', '2025-04-02 23:59:52', '2025-04-02 23:59:52'),
(364, 1, 'Trenace', 'trenace', '2025-04-02 23:59:52', '2025-04-02 23:59:52'),
(365, 1, 'Tshabalala', 'tshabalala', '2025-04-02 23:59:52', '2025-04-02 23:59:52'),
(366, 1, 'Tshabalala Extension', 'tshabalala-extension', '2025-04-02 23:59:52', '2025-04-02 23:59:52'),
(367, 1, 'Tsholotsho', 'tsholotsho', '2025-04-02 23:59:52', '2025-04-02 23:59:52'),
(368, 10, 'Tsholotsho', 'tsholotsho-1', '2025-04-02 23:59:52', '2025-04-02 23:59:52'),
(369, 8, 'Turk Mine', 'turk-mine', '2025-04-02 23:59:52', '2025-04-02 23:59:52'),
(370, 2, 'Tynwald', 'tynwald', '2025-04-02 23:59:52', '2025-04-02 23:59:52'),
(371, 1, 'Umguza Estate', 'umguza-estate', '2025-04-02 23:59:52', '2025-04-02 23:59:52'),
(372, 5, 'Ump', 'ump', '2025-04-02 23:59:52', '2025-04-02 23:59:52'),
(373, 2, 'Umwinsdale', 'umwinsdale', '2025-04-02 23:59:52', '2025-04-02 23:59:52'),
(374, 2, 'Uplands', 'uplands', '2025-04-02 23:59:52', '2025-04-02 23:59:52'),
(375, 1, 'Upper Rangemore', 'upper-rangemore', '2025-04-02 23:59:52', '2025-04-02 23:59:52'),
(376, 2, 'Vainona', 'vainona', '2025-04-02 23:59:52', '2025-04-02 23:59:52'),
(377, 8, 'Victoria Falls', 'victoria-falls', '2025-04-02 23:59:52', '2025-04-02 23:59:52'),
(378, 9, 'Wanezi', 'wanezi', '2025-04-02 23:59:52', '2025-04-02 23:59:52'),
(379, 2, 'Warren Park', 'warren-park', '2025-04-02 23:59:52', '2025-04-02 23:59:52'),
(380, 2, 'Waterfalls', 'waterfalls', '2025-04-02 23:59:52', '2025-04-02 23:59:52'),
(381, 1, 'Waterford', 'waterford', '2025-04-02 23:59:52', '2025-04-02 23:59:52'),
(382, 1, 'Waterlea', 'waterlea', '2025-04-02 23:59:52', '2025-04-02 23:59:52'),
(383, 5, 'Wedza', 'wedza', '2025-04-02 23:59:52', '2025-04-02 23:59:52'),
(384, 1, 'West Somerton', 'west-somerton', '2025-04-02 23:59:52', '2025-04-02 23:59:52'),
(385, 1, 'Westgate', 'westgate', '2025-04-02 23:59:52', '2025-04-02 23:59:52'),
(386, 2, 'Westgate', 'westgate-1', '2025-04-02 23:59:52', '2025-04-02 23:59:52'),
(387, 2, 'Westlea', 'westlea', '2025-04-02 23:59:52', '2025-04-02 23:59:52'),
(388, 1, 'Westondale', 'westondale', '2025-04-02 23:59:52', '2025-04-02 23:59:52'),
(389, 2, 'Westwood', 'westwood', '2025-04-02 23:59:52', '2025-04-02 23:59:52'),
(390, 2, 'Willowvale', 'willowvale', '2025-04-02 23:59:52', '2025-04-02 23:59:52'),
(391, 1, 'Willsgrove', 'willsgrove', '2025-04-02 23:59:52', '2025-04-02 23:59:52'),
(392, 1, 'Windsor Park', 'windsor-park', '2025-04-02 23:59:52', '2025-04-02 23:59:52'),
(393, 1, 'Woodlands', 'woodlands', '2025-04-02 23:59:52', '2025-04-02 23:59:52'),
(394, 1, 'Woodville', 'woodville', '2025-04-02 23:59:52', '2025-04-02 23:59:52'),
(395, 1, 'Woodville Park', 'woodville-park', '2025-04-02 23:59:52', '2025-04-02 23:59:52'),
(396, 2, 'Workington', 'workington', '2025-04-02 23:59:52', '2025-04-02 23:59:52'),
(397, 10, 'Zhombe', 'zhombe', '2025-04-02 23:59:52', '2025-04-02 23:59:52'),
(398, 2, 'Zimre Park', 'zimre-park', '2025-04-02 23:59:52', '2025-04-02 23:59:52'),
(399, 6, 'Zvimba', 'zvimba', '2025-04-02 23:59:52', '2025-04-02 23:59:52'),
(400, 10, 'Zvishavane', 'zvishavane', '2025-04-02 23:59:52', '2025-04-02 23:59:52');

-- --------------------------------------------------------

--
-- Table structure for table `conflict_outcome_dynamic_field_values`
--

CREATE TABLE `conflict_outcome_dynamic_field_values` (
  `id` bigint(20) UNSIGNED NOT NULL,
  `wildlife_conflict_incident_id` bigint(20) UNSIGNED NOT NULL,
  `dynamic_field_id` bigint(20) UNSIGNED NOT NULL,
  `value` varchar(255) NOT NULL,
  `created_at` timestamp NULL DEFAULT NULL,
  `updated_at` timestamp NULL DEFAULT NULL
) ENGINE=InnoDB DEFAULT CHARSET=utf8mb4 COLLATE=utf8mb4_unicode_ci;

-- --------------------------------------------------------

--
-- Table structure for table `conflict_out_comes`
--

CREATE TABLE `conflict_out_comes` (
  `id` bigint(20) UNSIGNED NOT NULL,
  `conflict_type_id` bigint(20) UNSIGNED NOT NULL,
  `name` varchar(255) NOT NULL,
  `description` varchar(255) DEFAULT NULL,
  `slug` varchar(255) DEFAULT NULL,
  `created_at` timestamp NULL DEFAULT NULL,
  `updated_at` timestamp NULL DEFAULT NULL
) ENGINE=InnoDB DEFAULT CHARSET=utf8mb4 COLLATE=utf8mb4_unicode_ci;

--
-- Dumping data for table `conflict_out_comes`
--

INSERT INTO `conflict_out_comes` (`id`, `conflict_type_id`, `name`, `description`, `slug`, `created_at`, `updated_at`) VALUES
(1, 1, 'Human death', NULL, 'human-death', '2025-04-02 23:59:52', '2025-04-02 23:59:52'),
(2, 1, 'Human Injury', NULL, 'human-injury', '2025-04-02 23:59:52', '2025-04-02 23:59:52'),
(3, 2, 'Livestock killing', NULL, 'livestock-killing', '2025-04-02 23:59:52', '2025-04-02 23:59:52'),
(4, 2, 'Livestock injury', NULL, 'livestock-injury', '2025-04-02 23:59:52', '2025-04-02 23:59:52'),
(5, 1, 'Crop damage', NULL, 'crop-damage', '2025-04-02 23:59:52', '2025-04-02 23:59:52'),
(6, 1, 'Infrastructure damage', NULL, 'infrastructure-damage', '2025-04-02 23:59:52', '2025-04-02 23:59:52'),
(7, 2, 'Retaliatory killing', NULL, 'retaliatory-killing', '2025-04-02 23:59:52', '2025-04-02 23:59:52'),
(8, 1, 'Threat to human life', NULL, 'threat-to-human-life', '2025-04-02 23:59:52', '2025-04-02 23:59:52');

-- --------------------------------------------------------

--
-- Table structure for table `conflict_records`
--

CREATE TABLE `conflict_records` (
  `id` bigint(20) UNSIGNED NOT NULL,
  `organisation_id` bigint(20) UNSIGNED NOT NULL,
  `species_id` bigint(20) UNSIGNED NOT NULL,
  `period` int(11) NOT NULL,
  `crop_damage_cases` int(11) NOT NULL DEFAULT 0,
  `hectarage_destroyed` int(11) NOT NULL DEFAULT 0,
  `human_injured` int(11) NOT NULL DEFAULT 0,
  `human_death` int(11) NOT NULL DEFAULT 0,
  `livestock_killed_injured` int(11) NOT NULL DEFAULT 0,
  `infrastructure_destroyed` int(11) NOT NULL DEFAULT 0,
  `threat_to_human_life` int(11) NOT NULL DEFAULT 0,
  `created_at` timestamp NULL DEFAULT NULL,
  `updated_at` timestamp NULL DEFAULT NULL
) ENGINE=InnoDB DEFAULT CHARSET=utf8mb4 COLLATE=utf8mb4_unicode_ci;

-- --------------------------------------------------------

--
-- Table structure for table `conflict_types`
--

CREATE TABLE `conflict_types` (
  `id` bigint(20) UNSIGNED NOT NULL,
  `name` varchar(255) NOT NULL,
  `description` varchar(255) DEFAULT NULL,
  `slug` varchar(255) DEFAULT NULL,
  `created_at` timestamp NULL DEFAULT NULL,
  `updated_at` timestamp NULL DEFAULT NULL
) ENGINE=InnoDB DEFAULT CHARSET=utf8mb4 COLLATE=utf8mb4_unicode_ci;

--
-- Dumping data for table `conflict_types`
--

INSERT INTO `conflict_types` (`id`, `name`, `description`, `slug`, `created_at`, `updated_at`) VALUES
(1, 'Human - Wildlife', NULL, 'human-wildlife', '2025-04-02 23:59:52', '2025-04-02 23:59:52'),
(2, 'Wildlife - Human', NULL, 'wildlife-human', '2025-04-02 23:59:52', '2025-04-02 23:59:52');

-- --------------------------------------------------------

--
-- Table structure for table `control_measures`
--

CREATE TABLE `control_measures` (
  `id` bigint(20) UNSIGNED NOT NULL,
  `conflict_type_id` bigint(20) UNSIGNED NOT NULL,
  `name` varchar(255) NOT NULL,
  `type` varchar(255) DEFAULT NULL,
  `description` varchar(255) DEFAULT NULL,
  `slug` varchar(255) DEFAULT NULL,
  `created_at` timestamp NULL DEFAULT NULL,
  `updated_at` timestamp NULL DEFAULT NULL
) ENGINE=InnoDB DEFAULT CHARSET=utf8mb4 COLLATE=utf8mb4_unicode_ci;

--
-- Dumping data for table `control_measures`
--

INSERT INTO `control_measures` (`id`, `conflict_type_id`, `name`, `type`, `description`, `slug`, `created_at`, `updated_at`) VALUES
(1, 1, 'Retaliatory Killing', 'number', NULL, 'retaliatory-killing', '2025-04-02 23:59:52', '2025-04-02 23:59:52'),
(2, 1, 'Relocated', 'number', NULL, 'relocated', '2025-04-02 23:59:52', '2025-04-02 23:59:52'),
(3, 1, 'Spraying', 'drones', NULL, 'spraying', '2025-04-02 23:59:52', '2025-04-02 23:59:52'),
(4, 1, 'Nets', 'physical', NULL, 'nets', '2025-04-02 23:59:52', '2025-04-02 23:59:52'),
(5, 1, 'Chilli bombs', 'physical', NULL, 'chilli-bombs', '2025-04-02 23:59:52', '2025-04-02 23:59:52'),
(6, 1, 'Fireworks', 'auditory', NULL, 'fireworks', '2025-04-02 23:59:52', '2025-04-02 23:59:52'),
(7, 1, 'Gunshots', 'auditory', NULL, 'gunshots', '2025-04-02 23:59:52', '2025-04-02 23:59:52'),
(8, 1, 'Drums', 'auditory', NULL, 'drums', '2025-04-02 23:59:52', '2025-04-02 23:59:52'),
(9, 1, 'Abrupt darting', 'physical', NULL, 'abrupt-darting', '2025-04-02 23:59:52', '2025-04-02 23:59:52'),
(10, 1, 'Flash lights', 'visual', NULL, 'flash-lights', '2025-04-02 23:59:52', '2025-04-02 23:59:52'),
(11, 1, 'Traps', 'physical', NULL, 'traps', '2025-04-02 23:59:52', '2025-04-02 23:59:52'),
(12, 2, 'Electric fencing', 'physical', NULL, 'electric-fencing', '2025-04-02 23:59:52', '2025-04-02 23:59:52'),
(13, 2, 'Community patrols', 'community', NULL, 'community-patrols', '2025-04-02 23:59:52', '2025-04-02 23:59:52'),
(14, 2, 'Early warning systems', 'technology', NULL, 'early-warning-systems', '2025-04-02 23:59:52', '2025-04-02 23:59:52'),
(15, 2, 'Habitat enrichment', 'habitat', NULL, 'habitat-enrichment', '2025-04-02 23:59:52', '2025-04-02 23:59:52'),
(16, 2, 'Watering holes', 'habitat', NULL, 'watering-holes', '2025-04-02 23:59:52', '2025-04-02 23:59:52'),
(17, 2, 'Guard animals', 'biological', NULL, 'guard-animals', '2025-04-02 23:59:52', '2025-04-02 23:59:52'),
(18, 2, 'Beacons or reflectors', 'visual', NULL, 'beacons-or-reflectors', '2025-04-02 23:59:52', '2025-04-02 23:59:52'),
(19, 2, 'Noise-making devices', 'auditory', NULL, 'noise-making-devices', '2025-04-02 23:59:52', '2025-04-02 23:59:52'),
(20, 2, 'Odor repellents', 'olfactory', NULL, 'odor-repellents', '2025-04-02 23:59:52', '2025-04-02 23:59:52'),
(21, 2, 'Land-use planning', 'policy', NULL, 'land-use-planning', '2025-04-02 23:59:52', '2025-04-02 23:59:52'),
(22, 2, 'Community education', 'community', NULL, 'community-education', '2025-04-02 23:59:52', '2025-04-02 23:59:52'),
(23, 2, 'Compensation schemes', 'policy', NULL, 'compensation-schemes', '2025-04-02 23:59:52', '2025-04-02 23:59:52');

-- --------------------------------------------------------

--
-- Table structure for table `counting_methods`
--

CREATE TABLE `counting_methods` (
  `id` bigint(20) UNSIGNED NOT NULL,
  `name` varchar(255) NOT NULL,
  `description` longtext DEFAULT NULL,
  `slug` varchar(255) DEFAULT NULL,
  `created_at` timestamp NULL DEFAULT NULL,
  `updated_at` timestamp NULL DEFAULT NULL
) ENGINE=InnoDB DEFAULT CHARSET=utf8mb4 COLLATE=utf8mb4_unicode_ci;

--
-- Dumping data for table `counting_methods`
--

INSERT INTO `counting_methods` (`id`, `name`, `description`, `slug`, `created_at`, `updated_at`) VALUES
(1, 'Stool (Dung) Counts', 'Estimating population size by counting feces. Used where direct observation is difficult.', 'stool-dung-counts', '2025-04-02 23:59:52', '2025-04-02 23:59:52'),
(2, 'Aerial Surveys', 'Counting animals from aircraft over large areas. Suitable for large, visible species.', 'aerial-surveys', '2025-04-02 23:59:52', '2025-04-02 23:59:52'),
(3, 'Ground Surveys', 'Direct observation and counting on foot or by vehicle. Used in smaller areas.', 'ground-surveys', '2025-04-02 23:59:52', '2025-04-02 23:59:52'),
(4, 'Track Counts', 'Identifying and counting animal tracks to indicate species presence and movement.', 'track-counts', '2025-04-02 23:59:52', '2025-04-02 23:59:52'),
(5, 'MOMS (Management Oriented Monitoring System)', 'Community-based monitoring involving local members in data collection for management decisions.', 'moms-management-oriented-monitoring-system', '2025-04-02 23:59:52', '2025-04-02 23:59:52'),
(6, 'Satellite Imagery', 'Utilizing satellite images for counting and monitoring wildlife populations in remote areas.', 'satellite-imagery', '2025-04-02 23:59:52', '2025-04-02 23:59:52'),
(7, 'Drone Surveys', 'Employing drones with cameras for wildlife surveys in hard-to-reach areas.', 'drone-surveys', '2025-04-02 23:59:52', '2025-04-02 23:59:52'),
(8, 'Call Counts', 'Counting animal calls, often used for bird population surveys.', 'call-counts', '2025-04-02 23:59:52', '2025-04-02 23:59:52'),
(9, 'Camera Traps', 'Automated cameras capture images/videos of passing animals. Effective for elusive species.', 'camera-traps', '2025-04-02 23:59:52', '2025-04-02 23:59:52'),
(10, 'Line Transect Sampling', 'Counting animals seen or heard while walking along fixed lines. Covers representative area samples.', 'line-transect-sampling', '2025-04-02 23:59:52', '2025-04-02 23:59:52'),
(11, 'Point Transect Sampling', 'Observers count animals from fixed points. Similar to line transects but stationary.', 'point-transect-sampling', '2025-04-02 23:59:52', '2025-04-02 23:59:52'),
(12, 'Capture-Recapture Method', 'Capturing animals, marking them, and later recapturing to estimate total population size.', 'capture-recapture-method', '2025-04-02 23:59:52', '2025-04-02 23:59:52'),
(13, 'Infrared Thermal Imaging', 'Using thermal imaging to detect wildlife, especially effective for nocturnal species or dense vegetation.', 'infrared-thermal-imaging', '2025-04-02 23:59:52', '2025-04-02 23:59:52');

-- --------------------------------------------------------

--
-- Table structure for table `countries`
--

CREATE TABLE `countries` (
  `id` bigint(20) UNSIGNED NOT NULL,
  `name` varchar(255) NOT NULL,
  `code` varchar(255) DEFAULT NULL,
  `slug` varchar(255) DEFAULT NULL,
  `created_at` timestamp NULL DEFAULT NULL,
  `updated_at` timestamp NULL DEFAULT NULL
) ENGINE=InnoDB DEFAULT CHARSET=utf8mb4 COLLATE=utf8mb4_unicode_ci;

--
-- Dumping data for table `countries`
--

INSERT INTO `countries` (`id`, `name`, `code`, `slug`, `created_at`, `updated_at`) VALUES
(1, 'Andorra', '376', 'andorra', '2025-04-02 23:59:52', '2025-04-02 23:59:52'),
(2, 'United Arab Emirates', '971', 'united-arab-emirates', '2025-04-02 23:59:52', '2025-04-02 23:59:52'),
(3, 'Afghanistan', '93', 'afghanistan', '2025-04-02 23:59:52', '2025-04-02 23:59:52'),
(4, 'Antigua And Barbuda', '1268', 'antigua-and-barbuda', '2025-04-02 23:59:52', '2025-04-02 23:59:52'),
(5, 'Anguilla', '1264', 'anguilla', '2025-04-02 23:59:52', '2025-04-02 23:59:52'),
(6, 'Albania', '355', 'albania', '2025-04-02 23:59:52', '2025-04-02 23:59:52'),
(7, 'Armenia', '374', 'armenia', '2025-04-02 23:59:52', '2025-04-02 23:59:52'),
(8, 'Netherlands Antilles', '599', 'netherlands-antilles', '2025-04-02 23:59:52', '2025-04-02 23:59:52'),
(9, 'Angola', '244', 'angola', '2025-04-02 23:59:52', '2025-04-02 23:59:52'),
(10, 'Antarctica', '672', 'antarctica', '2025-04-02 23:59:52', '2025-04-02 23:59:52'),
(11, 'Argentina', '54', 'argentina', '2025-04-02 23:59:52', '2025-04-02 23:59:52'),
(12, 'American Samoa', '1684', 'american-samoa', '2025-04-02 23:59:52', '2025-04-02 23:59:52'),
(13, 'Austria', '43', 'austria', '2025-04-02 23:59:52', '2025-04-02 23:59:52'),
(14, 'Australia', '61', 'australia', '2025-04-02 23:59:52', '2025-04-02 23:59:52'),
(15, 'Aruba', '297', 'aruba', '2025-04-02 23:59:52', '2025-04-02 23:59:52'),
(16, 'Azerbaijan', '994', 'azerbaijan', '2025-04-02 23:59:52', '2025-04-02 23:59:52'),
(17, 'Bosnia And Herzegovina', '387', 'bosnia-and-herzegovina', '2025-04-02 23:59:52', '2025-04-02 23:59:52'),
(18, 'Barbados', '1246', 'barbados', '2025-04-02 23:59:52', '2025-04-02 23:59:52'),
(19, 'Bangladesh', '880', 'bangladesh', '2025-04-02 23:59:52', '2025-04-02 23:59:52'),
(20, 'Belgium', '32', 'belgium', '2025-04-02 23:59:52', '2025-04-02 23:59:52'),
(21, 'Burkina Faso', '226', 'burkina-faso', '2025-04-02 23:59:52', '2025-04-02 23:59:52'),
(22, 'Bulgaria', '359', 'bulgaria', '2025-04-02 23:59:52', '2025-04-02 23:59:52'),
(23, 'Bahrain', '973', 'bahrain', '2025-04-02 23:59:52', '2025-04-02 23:59:52'),
(24, 'Burundi', '257', 'burundi', '2025-04-02 23:59:52', '2025-04-02 23:59:52'),
(25, 'Benin', '229', 'benin', '2025-04-02 23:59:52', '2025-04-02 23:59:52'),
(26, 'Saint Barthelemy', '590', 'saint-barthelemy', '2025-04-02 23:59:52', '2025-04-02 23:59:52'),
(27, 'Bermuda', '1441', 'bermuda', '2025-04-02 23:59:52', '2025-04-02 23:59:52'),
(28, 'Brunei Darussalam', '673', 'brunei-darussalam', '2025-04-02 23:59:52', '2025-04-02 23:59:52'),
(29, 'Bolivia', '591', 'bolivia', '2025-04-02 23:59:52', '2025-04-02 23:59:52'),
(30, 'Brazil', '55', 'brazil', '2025-04-02 23:59:52', '2025-04-02 23:59:52'),
(31, 'Bahamas', '1242', 'bahamas', '2025-04-02 23:59:52', '2025-04-02 23:59:52'),
(32, 'Bhutan', '975', 'bhutan', '2025-04-02 23:59:52', '2025-04-02 23:59:52'),
(33, 'Botswana', '267', 'botswana', '2025-04-02 23:59:52', '2025-04-02 23:59:52'),
(34, 'Belarus', '375', 'belarus', '2025-04-02 23:59:52', '2025-04-02 23:59:52'),
(35, 'Belize', '501', 'belize', '2025-04-02 23:59:52', '2025-04-02 23:59:52'),
(36, 'Canada', '1', 'canada', '2025-04-02 23:59:52', '2025-04-02 23:59:52'),
(37, 'Cocos (keeling) Islands', '61', 'cocos-keeling-islands', '2025-04-02 23:59:52', '2025-04-02 23:59:52'),
(38, 'Congo, The Democratic Republic Of The', '243', 'congo-the-democratic-republic-of-the', '2025-04-02 23:59:52', '2025-04-02 23:59:52'),
(39, 'Central African Republic', '236', 'central-african-republic', '2025-04-02 23:59:52', '2025-04-02 23:59:52'),
(40, 'Congo', '242', 'congo', '2025-04-02 23:59:52', '2025-04-02 23:59:52'),
(41, 'Switzerland', '41', 'switzerland', '2025-04-02 23:59:52', '2025-04-02 23:59:52'),
(42, 'Cote D Ivoire', '225', 'cote-d-ivoire', '2025-04-02 23:59:52', '2025-04-02 23:59:52'),
(43, 'Cook Islands', '682', 'cook-islands', '2025-04-02 23:59:52', '2025-04-02 23:59:52'),
(44, 'Chile', '56', 'chile', '2025-04-02 23:59:52', '2025-04-02 23:59:52'),
(45, 'Cameroon', '237', 'cameroon', '2025-04-02 23:59:52', '2025-04-02 23:59:52'),
(46, 'China', '86', 'china', '2025-04-02 23:59:52', '2025-04-02 23:59:52'),
(47, 'Colombia', '57', 'colombia', '2025-04-02 23:59:52', '2025-04-02 23:59:52'),
(48, 'Costa Rica', '506', 'costa-rica', '2025-04-02 23:59:52', '2025-04-02 23:59:52'),
(49, 'Cuba', '53', 'cuba', '2025-04-02 23:59:52', '2025-04-02 23:59:52'),
(50, 'Cape Verde', '238', 'cape-verde', '2025-04-02 23:59:52', '2025-04-02 23:59:52'),
(51, 'Christmas Island', '61', 'christmas-island', '2025-04-02 23:59:52', '2025-04-02 23:59:52'),
(52, 'Cyprus', '357', 'cyprus', '2025-04-02 23:59:52', '2025-04-02 23:59:52'),
(53, 'Czech Republic', '420', 'czech-republic', '2025-04-02 23:59:52', '2025-04-02 23:59:52'),
(54, 'Germany', '49', 'germany', '2025-04-02 23:59:52', '2025-04-02 23:59:52'),
(55, 'Djibouti', '253', 'djibouti', '2025-04-02 23:59:52', '2025-04-02 23:59:52'),
(56, 'Denmark', '45', 'denmark', '2025-04-02 23:59:52', '2025-04-02 23:59:52'),
(57, 'Dominica', '1767', 'dominica', '2025-04-02 23:59:52', '2025-04-02 23:59:52'),
(58, 'Dominican Republic', '1809', 'dominican-republic', '2025-04-02 23:59:52', '2025-04-02 23:59:52'),
(59, 'Algeria', '213', 'algeria', '2025-04-02 23:59:52', '2025-04-02 23:59:52'),
(60, 'Ecuador', '593', 'ecuador', '2025-04-02 23:59:52', '2025-04-02 23:59:52'),
(61, 'Estonia', '372', 'estonia', '2025-04-02 23:59:52', '2025-04-02 23:59:52'),
(62, 'Egypt', '20', 'egypt', '2025-04-02 23:59:52', '2025-04-02 23:59:52'),
(63, 'Eritrea', '291', 'eritrea', '2025-04-02 23:59:52', '2025-04-02 23:59:52'),
(64, 'Spain', '34', 'spain', '2025-04-02 23:59:52', '2025-04-02 23:59:52'),
(65, 'Ethiopia', '251', 'ethiopia', '2025-04-02 23:59:52', '2025-04-02 23:59:52'),
(66, 'Finland', '358', 'finland', '2025-04-02 23:59:52', '2025-04-02 23:59:52'),
(67, 'Fiji', '679', 'fiji', '2025-04-02 23:59:52', '2025-04-02 23:59:52'),
(68, 'Falkland Islands (malvinas)', '500', 'falkland-islands-malvinas', '2025-04-02 23:59:52', '2025-04-02 23:59:52'),
(69, 'Micronesia, Federated States Of', '691', 'micronesia-federated-states-of', '2025-04-02 23:59:52', '2025-04-02 23:59:52'),
(70, 'Faroe Islands', '298', 'faroe-islands', '2025-04-02 23:59:52', '2025-04-02 23:59:52'),
(71, 'France', '33', 'france', '2025-04-02 23:59:52', '2025-04-02 23:59:52'),
(72, 'Gabon', '241', 'gabon', '2025-04-02 23:59:52', '2025-04-02 23:59:52'),
(73, 'United Kingdom', '44', 'united-kingdom', '2025-04-02 23:59:52', '2025-04-02 23:59:52'),
(74, 'Grenada', '1473', 'grenada', '2025-04-02 23:59:52', '2025-04-02 23:59:52'),
(75, 'Georgia', '995', 'georgia', '2025-04-02 23:59:52', '2025-04-02 23:59:52'),
(76, 'Ghana', '233', 'ghana', '2025-04-02 23:59:52', '2025-04-02 23:59:52'),
(77, 'Gibraltar', '350', 'gibraltar', '2025-04-02 23:59:52', '2025-04-02 23:59:52'),
(78, 'Greenland', '299', 'greenland', '2025-04-02 23:59:52', '2025-04-02 23:59:52'),
(79, 'Gambia', '220', 'gambia', '2025-04-02 23:59:52', '2025-04-02 23:59:52'),
(80, 'Guinea', '224', 'guinea', '2025-04-02 23:59:52', '2025-04-02 23:59:52'),
(81, 'Equatorial Guinea', '240', 'equatorial-guinea', '2025-04-02 23:59:52', '2025-04-02 23:59:52'),
(82, 'Greece', '30', 'greece', '2025-04-02 23:59:52', '2025-04-02 23:59:52'),
(83, 'Guatemala', '502', 'guatemala', '2025-04-02 23:59:52', '2025-04-02 23:59:52'),
(84, 'Guam', '1671', 'guam', '2025-04-02 23:59:52', '2025-04-02 23:59:52'),
(85, 'Guinea-bissau', '245', 'guinea-bissau', '2025-04-02 23:59:52', '2025-04-02 23:59:52'),
(86, 'Guyana', '592', 'guyana', '2025-04-02 23:59:52', '2025-04-02 23:59:52'),
(87, 'Hong Kong', '852', 'hong-kong', '2025-04-02 23:59:52', '2025-04-02 23:59:52'),
(88, 'Honduras', '504', 'honduras', '2025-04-02 23:59:52', '2025-04-02 23:59:52'),
(89, 'Croatia', '385', 'croatia', '2025-04-02 23:59:52', '2025-04-02 23:59:52'),
(90, 'Haiti', '509', 'haiti', '2025-04-02 23:59:52', '2025-04-02 23:59:52'),
(91, 'Hungary', '36', 'hungary', '2025-04-02 23:59:52', '2025-04-02 23:59:52'),
(92, 'Indonesia', '62', 'indonesia', '2025-04-02 23:59:52', '2025-04-02 23:59:52'),
(93, 'Ireland', '353', 'ireland', '2025-04-02 23:59:52', '2025-04-02 23:59:52'),
(94, 'Israel', '972', 'israel', '2025-04-02 23:59:52', '2025-04-02 23:59:52'),
(95, 'Isle Of Man', '44', 'isle-of-man', '2025-04-02 23:59:52', '2025-04-02 23:59:52'),
(96, 'India', '91', 'india', '2025-04-02 23:59:52', '2025-04-02 23:59:52'),
(97, 'Iraq', '964', 'iraq', '2025-04-02 23:59:52', '2025-04-02 23:59:52'),
(98, 'Iran, Islamic Republic Of', '98', 'iran-islamic-republic-of', '2025-04-02 23:59:52', '2025-04-02 23:59:52'),
(99, 'Iceland', '354', 'iceland', '2025-04-02 23:59:52', '2025-04-02 23:59:52'),
(100, 'Italy', '39', 'italy', '2025-04-02 23:59:52', '2025-04-02 23:59:52'),
(101, 'Jamaica', '1876', 'jamaica', '2025-04-02 23:59:52', '2025-04-02 23:59:52'),
(102, 'Jordan', '962', 'jordan', '2025-04-02 23:59:52', '2025-04-02 23:59:52'),
(103, 'Japan', '81', 'japan', '2025-04-02 23:59:52', '2025-04-02 23:59:52'),
(104, 'Kenya', '254', 'kenya', '2025-04-02 23:59:52', '2025-04-02 23:59:52'),
(105, 'Kyrgyzstan', '996', 'kyrgyzstan', '2025-04-02 23:59:52', '2025-04-02 23:59:52'),
(106, 'Cambodia', '855', 'cambodia', '2025-04-02 23:59:52', '2025-04-02 23:59:52'),
(107, 'Kiribati', '686', 'kiribati', '2025-04-02 23:59:52', '2025-04-02 23:59:52'),
(108, 'Comoros', '269', 'comoros', '2025-04-02 23:59:52', '2025-04-02 23:59:52'),
(109, 'Saint Kitts And Nevis', '1869', 'saint-kitts-and-nevis', '2025-04-02 23:59:52', '2025-04-02 23:59:52'),
(110, 'Korea Democratic Peoples Republic Of', '850', 'korea-democratic-peoples-republic-of', '2025-04-02 23:59:52', '2025-04-02 23:59:52'),
(111, 'Korea Republic Of', '82', 'korea-republic-of', '2025-04-02 23:59:52', '2025-04-02 23:59:52'),
(112, 'Kuwait', '965', 'kuwait', '2025-04-02 23:59:52', '2025-04-02 23:59:52'),
(113, 'Cayman Islands', '1345', 'cayman-islands', '2025-04-02 23:59:52', '2025-04-02 23:59:52'),
(114, 'Kazakstan', '7', 'kazakstan', '2025-04-02 23:59:52', '2025-04-02 23:59:52'),
(115, 'Lao Peoples Democratic Republic', '856', 'lao-peoples-democratic-republic', '2025-04-02 23:59:52', '2025-04-02 23:59:52'),
(116, 'Lebanon', '961', 'lebanon', '2025-04-02 23:59:52', '2025-04-02 23:59:52'),
(117, 'Saint Lucia', '1758', 'saint-lucia', '2025-04-02 23:59:52', '2025-04-02 23:59:52'),
(118, 'Liechtenstein', '423', 'liechtenstein', '2025-04-02 23:59:52', '2025-04-02 23:59:52'),
(119, 'Sri Lanka', '94', 'sri-lanka', '2025-04-02 23:59:52', '2025-04-02 23:59:52'),
(120, 'Liberia', '231', 'liberia', '2025-04-02 23:59:52', '2025-04-02 23:59:52'),
(121, 'Lesotho', '266', 'lesotho', '2025-04-02 23:59:52', '2025-04-02 23:59:52'),
(122, 'Lithuania', '370', 'lithuania', '2025-04-02 23:59:52', '2025-04-02 23:59:52'),
(123, 'Luxembourg', '352', 'luxembourg', '2025-04-02 23:59:52', '2025-04-02 23:59:52'),
(124, 'Latvia', '371', 'latvia', '2025-04-02 23:59:52', '2025-04-02 23:59:52'),
(125, 'Libyan Arab Jamahiriya', '218', 'libyan-arab-jamahiriya', '2025-04-02 23:59:52', '2025-04-02 23:59:52'),
(126, 'Morocco', '212', 'morocco', '2025-04-02 23:59:52', '2025-04-02 23:59:52'),
(127, 'Monaco', '377', 'monaco', '2025-04-02 23:59:52', '2025-04-02 23:59:52'),
(128, 'Moldova, Republic Of', '373', 'moldova-republic-of', '2025-04-02 23:59:52', '2025-04-02 23:59:52'),
(129, 'Montenegro', '382', 'montenegro', '2025-04-02 23:59:52', '2025-04-02 23:59:52'),
(130, 'Saint Martin', '1599', 'saint-martin', '2025-04-02 23:59:52', '2025-04-02 23:59:52'),
(131, 'Madagascar', '261', 'madagascar', '2025-04-02 23:59:52', '2025-04-02 23:59:52'),
(132, 'Marshall Islands', '692', 'marshall-islands', '2025-04-02 23:59:52', '2025-04-02 23:59:52'),
(133, 'Macedonia, The Former Yugoslav Republic Of', '389', 'macedonia-the-former-yugoslav-republic-of', '2025-04-02 23:59:52', '2025-04-02 23:59:52'),
(134, 'Mali', '223', 'mali', '2025-04-02 23:59:52', '2025-04-02 23:59:52'),
(135, 'Myanmar', '95', 'myanmar', '2025-04-02 23:59:52', '2025-04-02 23:59:52'),
(136, 'Mongolia', '976', 'mongolia', '2025-04-02 23:59:52', '2025-04-02 23:59:52'),
(137, 'Macau', '853', 'macau', '2025-04-02 23:59:52', '2025-04-02 23:59:52'),
(138, 'Northern Mariana Islands', '1670', 'northern-mariana-islands', '2025-04-02 23:59:52', '2025-04-02 23:59:52'),
(139, 'Mauritania', '222', 'mauritania', '2025-04-02 23:59:52', '2025-04-02 23:59:52'),
(140, 'Montserrat', '1664', 'montserrat', '2025-04-02 23:59:52', '2025-04-02 23:59:52'),
(141, 'Malta', '356', 'malta', '2025-04-02 23:59:52', '2025-04-02 23:59:52'),
(142, 'Mauritius', '230', 'mauritius', '2025-04-02 23:59:52', '2025-04-02 23:59:52'),
(143, 'Maldives', '960', 'maldives', '2025-04-02 23:59:52', '2025-04-02 23:59:52'),
(144, 'Malawi', '265', 'malawi', '2025-04-02 23:59:52', '2025-04-02 23:59:52'),
(145, 'Mexico', '52', 'mexico', '2025-04-02 23:59:52', '2025-04-02 23:59:52'),
(146, 'Malaysia', '60', 'malaysia', '2025-04-02 23:59:52', '2025-04-02 23:59:52'),
(147, 'Mozambique', '258', 'mozambique', '2025-04-02 23:59:52', '2025-04-02 23:59:52'),
(148, 'Namibia', '264', 'namibia', '2025-04-02 23:59:52', '2025-04-02 23:59:52'),
(149, 'New Caledonia', '687', 'new-caledonia', '2025-04-02 23:59:52', '2025-04-02 23:59:52'),
(150, 'Niger', '227', 'niger', '2025-04-02 23:59:52', '2025-04-02 23:59:52'),
(151, 'Nigeria', '234', 'nigeria', '2025-04-02 23:59:52', '2025-04-02 23:59:52'),
(152, 'Nicaragua', '505', 'nicaragua', '2025-04-02 23:59:52', '2025-04-02 23:59:52'),
(153, 'Netherlands', '31', 'netherlands', '2025-04-02 23:59:52', '2025-04-02 23:59:52'),
(154, 'Norway', '47', 'norway', '2025-04-02 23:59:52', '2025-04-02 23:59:52'),
(155, 'Nepal', '977', 'nepal', '2025-04-02 23:59:52', '2025-04-02 23:59:52'),
(156, 'Nauru', '674', 'nauru', '2025-04-02 23:59:52', '2025-04-02 23:59:52'),
(157, 'Niue', '683', 'niue', '2025-04-02 23:59:52', '2025-04-02 23:59:52'),
(158, 'New Zealand', '64', 'new-zealand', '2025-04-02 23:59:52', '2025-04-02 23:59:52'),
(159, 'Oman', '968', 'oman', '2025-04-02 23:59:52', '2025-04-02 23:59:52'),
(160, 'Panama', '507', 'panama', '2025-04-02 23:59:52', '2025-04-02 23:59:52'),
(161, 'Peru', '51', 'peru', '2025-04-02 23:59:52', '2025-04-02 23:59:52'),
(162, 'French Polynesia', '689', 'french-polynesia', '2025-04-02 23:59:52', '2025-04-02 23:59:52'),
(163, 'Papua New Guinea', '675', 'papua-new-guinea', '2025-04-02 23:59:52', '2025-04-02 23:59:52'),
(164, 'Philippines', '63', 'philippines', '2025-04-02 23:59:52', '2025-04-02 23:59:52'),
(165, 'Pakistan', '92', 'pakistan', '2025-04-02 23:59:52', '2025-04-02 23:59:52'),
(166, 'Poland', '48', 'poland', '2025-04-02 23:59:52', '2025-04-02 23:59:52'),
(167, 'Saint Pierre And Miquelon', '508', 'saint-pierre-and-miquelon', '2025-04-02 23:59:52', '2025-04-02 23:59:52'),
(168, 'Pitcairn', '870', 'pitcairn', '2025-04-02 23:59:52', '2025-04-02 23:59:52'),
(169, 'Puerto Rico', '1', 'puerto-rico', '2025-04-02 23:59:52', '2025-04-02 23:59:52'),
(170, 'Portugal', '351', 'portugal', '2025-04-02 23:59:52', '2025-04-02 23:59:52'),
(171, 'Palau', '680', 'palau', '2025-04-02 23:59:52', '2025-04-02 23:59:52'),
(172, 'Paraguay', '595', 'paraguay', '2025-04-02 23:59:52', '2025-04-02 23:59:52'),
(173, 'Qatar', '974', 'qatar', '2025-04-02 23:59:52', '2025-04-02 23:59:52'),
(174, 'Romania', '40', 'romania', '2025-04-02 23:59:52', '2025-04-02 23:59:52'),
(175, 'Serbia', '381', 'serbia', '2025-04-02 23:59:52', '2025-04-02 23:59:52'),
(176, 'Russian Federation', '7', 'russian-federation', '2025-04-02 23:59:52', '2025-04-02 23:59:52'),
(177, 'Rwanda', '250', 'rwanda', '2025-04-02 23:59:52', '2025-04-02 23:59:52'),
(178, 'Saudi Arabia', '966', 'saudi-arabia', '2025-04-02 23:59:52', '2025-04-02 23:59:52'),
(179, 'Solomon Islands', '677', 'solomon-islands', '2025-04-02 23:59:52', '2025-04-02 23:59:52'),
(180, 'Seychelles', '248', 'seychelles', '2025-04-02 23:59:52', '2025-04-02 23:59:52'),
(181, 'Sudan', '249', 'sudan', '2025-04-02 23:59:52', '2025-04-02 23:59:52'),
(182, 'Sweden', '46', 'sweden', '2025-04-02 23:59:52', '2025-04-02 23:59:52'),
(183, 'Singapore', '65', 'singapore', '2025-04-02 23:59:52', '2025-04-02 23:59:52'),
(184, 'Saint Helena', '290', 'saint-helena', '2025-04-02 23:59:52', '2025-04-02 23:59:52'),
(185, 'Slovenia', '386', 'slovenia', '2025-04-02 23:59:52', '2025-04-02 23:59:52'),
(186, 'Slovakia', '421', 'slovakia', '2025-04-02 23:59:52', '2025-04-02 23:59:52'),
(187, 'Sierra Leone', '232', 'sierra-leone', '2025-04-02 23:59:52', '2025-04-02 23:59:52'),
(188, 'San Marino', '378', 'san-marino', '2025-04-02 23:59:52', '2025-04-02 23:59:52'),
(189, 'Senegal', '221', 'senegal', '2025-04-02 23:59:52', '2025-04-02 23:59:52'),
(190, 'Somalia', '252', 'somalia', '2025-04-02 23:59:52', '2025-04-02 23:59:52'),
(191, 'Suriname', '597', 'suriname', '2025-04-02 23:59:52', '2025-04-02 23:59:52'),
(192, 'Sao Tome And Principe', '239', 'sao-tome-and-principe', '2025-04-02 23:59:52', '2025-04-02 23:59:52'),
(193, 'El Salvador', '503', 'el-salvador', '2025-04-02 23:59:52', '2025-04-02 23:59:52'),
(194, 'Syrian Arab Republic', '963', 'syrian-arab-republic', '2025-04-02 23:59:52', '2025-04-02 23:59:52'),
(195, 'Swaziland', '268', 'swaziland', '2025-04-02 23:59:52', '2025-04-02 23:59:52'),
(196, 'Turks And Caicos Islands', '1649', 'turks-and-caicos-islands', '2025-04-02 23:59:52', '2025-04-02 23:59:52'),
(197, 'Chad', '235', 'chad', '2025-04-02 23:59:52', '2025-04-02 23:59:52'),
(198, 'Togo', '228', 'togo', '2025-04-02 23:59:52', '2025-04-02 23:59:52'),
(199, 'Thailand', '66', 'thailand', '2025-04-02 23:59:52', '2025-04-02 23:59:52'),
(200, 'Tajikistan', '992', 'tajikistan', '2025-04-02 23:59:52', '2025-04-02 23:59:52'),
(201, 'Tokelau', '690', 'tokelau', '2025-04-02 23:59:52', '2025-04-02 23:59:52'),
(202, 'Timor-leste', '670', 'timor-leste', '2025-04-02 23:59:52', '2025-04-02 23:59:52'),
(203, 'Turkmenistan', '993', 'turkmenistan', '2025-04-02 23:59:52', '2025-04-02 23:59:52'),
(204, 'Tunisia', '216', 'tunisia', '2025-04-02 23:59:52', '2025-04-02 23:59:52'),
(205, 'Tonga', '676', 'tonga', '2025-04-02 23:59:52', '2025-04-02 23:59:52'),
(206, 'Turkey', '90', 'turkey', '2025-04-02 23:59:52', '2025-04-02 23:59:52'),
(207, 'Trinidad And Tobago', '1868', 'trinidad-and-tobago', '2025-04-02 23:59:52', '2025-04-02 23:59:52'),
(208, 'Tuvalu', '688', 'tuvalu', '2025-04-02 23:59:52', '2025-04-02 23:59:52'),
(209, 'Taiwan, Province Of China', '886', 'taiwan-province-of-china', '2025-04-02 23:59:52', '2025-04-02 23:59:52'),
(210, 'Tanzania, United Republic Of', '255', 'tanzania-united-republic-of', '2025-04-02 23:59:52', '2025-04-02 23:59:52'),
(211, 'Ukraine', '380', 'ukraine', '2025-04-02 23:59:52', '2025-04-02 23:59:52'),
(212, 'Uganda', '256', 'uganda', '2025-04-02 23:59:52', '2025-04-02 23:59:52'),
(213, 'United States', '1', 'united-states', '2025-04-02 23:59:52', '2025-04-02 23:59:52'),
(214, 'Uruguay', '598', 'uruguay', '2025-04-02 23:59:52', '2025-04-02 23:59:52'),
(215, 'Uzbekistan', '998', 'uzbekistan', '2025-04-02 23:59:52', '2025-04-02 23:59:52'),
(216, 'Holy See (vatican City State)', '39', 'holy-see-vatican-city-state', '2025-04-02 23:59:52', '2025-04-02 23:59:52'),
(217, 'Saint Vincent And The Grenadines', '1784', 'saint-vincent-and-the-grenadines', '2025-04-02 23:59:52', '2025-04-02 23:59:52'),
(218, 'Venezuela', '58', 'venezuela', '2025-04-02 23:59:52', '2025-04-02 23:59:52'),
(219, 'Virgin Islands, British', '1284', 'virgin-islands-british', '2025-04-02 23:59:52', '2025-04-02 23:59:52'),
(220, 'Virgin Islands, U.s.', '1340', 'virgin-islands-us', '2025-04-02 23:59:52', '2025-04-02 23:59:52'),
(221, 'Viet Nam', '84', 'viet-nam', '2025-04-02 23:59:52', '2025-04-02 23:59:52'),
(222, 'Vanuatu', '678', 'vanuatu', '2025-04-02 23:59:52', '2025-04-02 23:59:52'),
(223, 'Wallis And Futuna', '681', 'wallis-and-futuna', '2025-04-02 23:59:52', '2025-04-02 23:59:52'),
(224, 'Samoa', '685', 'samoa', '2025-04-02 23:59:52', '2025-04-02 23:59:52'),
(225, 'Kosovo', '381', 'kosovo', '2025-04-02 23:59:52', '2025-04-02 23:59:52'),
(226, 'Yemen', '967', 'yemen', '2025-04-02 23:59:52', '2025-04-02 23:59:52'),
(227, 'Mayotte', '262', 'mayotte', '2025-04-02 23:59:52', '2025-04-02 23:59:52'),
(228, 'South Africa', '27', 'south-africa', '2025-04-02 23:59:52', '2025-04-02 23:59:52'),
(229, 'Zambia', '260', 'zambia', '2025-04-02 23:59:52', '2025-04-02 23:59:52'),
(230, 'Zimbabwe', '263', 'zimbabwe', '2025-04-02 23:59:52', '2025-04-02 23:59:52');

-- --------------------------------------------------------

--
-- Table structure for table `crop_conflict_records`
--

CREATE TABLE `crop_conflict_records` (
  `id` bigint(20) UNSIGNED NOT NULL,
  `organisation_id` bigint(20) UNSIGNED NOT NULL,
  `species_id` bigint(20) UNSIGNED NOT NULL,
  `crop_type_id` bigint(20) UNSIGNED NOT NULL,
  `hectrage_destroyed` decimal(10,2) NOT NULL,
  `period` year(4) NOT NULL,
  `created_at` timestamp NULL DEFAULT NULL,
  `updated_at` timestamp NULL DEFAULT NULL
) ENGINE=InnoDB DEFAULT CHARSET=utf8mb4 COLLATE=utf8mb4_unicode_ci;

-- --------------------------------------------------------

--
-- Table structure for table `crop_types`
--

CREATE TABLE `crop_types` (
  `id` bigint(20) UNSIGNED NOT NULL,
  `name` varchar(255) NOT NULL,
  `description` text DEFAULT NULL,
  `created_at` timestamp NULL DEFAULT NULL,
  `updated_at` timestamp NULL DEFAULT NULL
) ENGINE=InnoDB DEFAULT CHARSET=utf8mb4 COLLATE=utf8mb4_unicode_ci;

--
-- Dumping data for table `crop_types`
--

INSERT INTO `crop_types` (`id`, `name`, `description`, `created_at`, `updated_at`) VALUES
(1, 'Maize', 'Corn/Maize crops', '2025-04-02 23:59:53', '2025-04-02 23:59:53'),
(2, 'Rice', 'Rice crops', '2025-04-02 23:59:53', '2025-04-02 23:59:53'),
(3, 'Wheat', 'Wheat crops', '2025-04-02 23:59:53', '2025-04-02 23:59:53'),
(4, 'Sorghum', 'Sorghum crops', '2025-04-02 23:59:53', '2025-04-02 23:59:53'),
(5, 'Millet', 'Millet crops', '2025-04-02 23:59:53', '2025-04-02 23:59:53'),
(6, 'Beans', 'Bean crops including common beans, cowpeas, etc.', '2025-04-02 23:59:53', '2025-04-02 23:59:53'),
(7, 'Groundnuts', 'Peanut/Groundnut crops', '2025-04-02 23:59:53', '2025-04-02 23:59:53'),
(8, 'Cassava', 'Cassava/Manioc crops', '2025-04-02 23:59:53', '2025-04-02 23:59:53'),
(9, 'Sweet Potato', 'Sweet potato crops', '2025-04-02 23:59:53', '2025-04-02 23:59:53'),
(10, 'Cotton', 'Cotton crops', '2025-04-02 23:59:53', '2025-04-02 23:59:53'),
(11, 'Tobacco', 'Tobacco crops', '2025-04-02 23:59:53', '2025-04-02 23:59:53'),
(12, 'Vegetables', 'Various vegetable crops', '2025-04-02 23:59:53', '2025-04-02 23:59:53'),
(13, 'Fruits', 'Various fruit crops', '2025-04-02 23:59:53', '2025-04-02 23:59:53'),
(14, 'Other', 'Other crop types not listed', '2025-04-02 23:59:53', '2025-04-02 23:59:53');

-- --------------------------------------------------------

--
-- Table structure for table `dynamic_fields`
--

CREATE TABLE `dynamic_fields` (
  `id` bigint(20) UNSIGNED NOT NULL,
  `organisation_id` bigint(20) UNSIGNED NOT NULL,
  `conflict_outcome_id` bigint(20) UNSIGNED DEFAULT NULL,
  `field_name` varchar(255) NOT NULL,
  `field_type` varchar(255) NOT NULL,
  `label` varchar(255) DEFAULT NULL,
  `slug` varchar(255) DEFAULT NULL,
  `created_at` timestamp NULL DEFAULT NULL,
  `updated_at` timestamp NULL DEFAULT NULL
) ENGINE=InnoDB DEFAULT CHARSET=utf8mb4 COLLATE=utf8mb4_unicode_ci;

-- --------------------------------------------------------

--
-- Table structure for table `dynamic_field_options`
--

CREATE TABLE `dynamic_field_options` (
  `id` bigint(20) UNSIGNED NOT NULL,
  `dynamic_field_id` bigint(20) UNSIGNED NOT NULL,
  `option_value` varchar(255) NOT NULL,
  `option_label` varchar(255) NOT NULL,
  `created_at` timestamp NULL DEFAULT NULL,
  `updated_at` timestamp NULL DEFAULT NULL
) ENGINE=InnoDB DEFAULT CHARSET=utf8mb4 COLLATE=utf8mb4_unicode_ci;

-- --------------------------------------------------------

--
-- Table structure for table `failed_jobs`
--

CREATE TABLE `failed_jobs` (
  `id` bigint(20) UNSIGNED NOT NULL,
  `uuid` varchar(255) NOT NULL,
  `connection` text NOT NULL,
  `queue` text NOT NULL,
  `payload` longtext NOT NULL,
  `exception` longtext NOT NULL,
  `failed_at` timestamp NOT NULL DEFAULT current_timestamp()
) ENGINE=InnoDB DEFAULT CHARSET=utf8mb4 COLLATE=utf8mb4_unicode_ci;

-- --------------------------------------------------------

--
-- Table structure for table `genders`
--

CREATE TABLE `genders` (
  `id` bigint(20) UNSIGNED NOT NULL,
  `name` varchar(255) NOT NULL,
  `description` varchar(255) DEFAULT NULL,
  `slug` varchar(255) DEFAULT NULL,
  `created_at` timestamp NULL DEFAULT NULL,
  `updated_at` timestamp NULL DEFAULT NULL
) ENGINE=InnoDB DEFAULT CHARSET=utf8mb4 COLLATE=utf8mb4_unicode_ci;

--
-- Dumping data for table `genders`
--

INSERT INTO `genders` (`id`, `name`, `description`, `slug`, `created_at`, `updated_at`) VALUES
(1, 'Male', NULL, 'male', '2025-04-02 23:59:52', '2025-04-02 23:59:52'),
(2, 'Female', NULL, 'female', '2025-04-02 23:59:52', '2025-04-02 23:59:52');

-- --------------------------------------------------------

--
-- Table structure for table `human_conflict_records`
--

CREATE TABLE `human_conflict_records` (
  `id` bigint(20) UNSIGNED NOT NULL,
  `organisation_id` bigint(20) UNSIGNED NOT NULL,
  `species_id` bigint(20) UNSIGNED NOT NULL,
  `gender_id` bigint(20) UNSIGNED NOT NULL,
  `deaths` int(11) NOT NULL DEFAULT 0,
  `injured` int(11) NOT NULL DEFAULT 0,
  `period` year(4) NOT NULL,
  `created_at` timestamp NULL DEFAULT NULL,
  `updated_at` timestamp NULL DEFAULT NULL
) ENGINE=InnoDB DEFAULT CHARSET=utf8mb4 COLLATE=utf8mb4_unicode_ci;

-- --------------------------------------------------------

--
-- Table structure for table `human_resource_records`
--

CREATE TABLE `human_resource_records` (
  `id` bigint(20) UNSIGNED NOT NULL,
  `organisation_id` bigint(20) UNSIGNED NOT NULL,
  `period` year(4) NOT NULL,
  `wildlife_managers` int(11) NOT NULL DEFAULT 0,
  `game_scouts` int(11) NOT NULL DEFAULT 0,
  `rangers` int(11) NOT NULL DEFAULT 0,
  `employed_by` enum('community','organisation') NOT NULL DEFAULT 'organisation',
  `notes` text DEFAULT NULL,
  `created_at` timestamp NULL DEFAULT NULL,
  `updated_at` timestamp NULL DEFAULT NULL
) ENGINE=InnoDB DEFAULT CHARSET=utf8mb4 COLLATE=utf8mb4_unicode_ci;

-- --------------------------------------------------------

--
-- Table structure for table `hunting_activities`
--

CREATE TABLE `hunting_activities` (
  `id` bigint(20) UNSIGNED NOT NULL,
  `organisation_id` bigint(20) UNSIGNED NOT NULL,
  `hunting_concession_id` bigint(20) UNSIGNED NOT NULL,
  `safari_id` bigint(20) UNSIGNED DEFAULT NULL,
  `period` varchar(255) DEFAULT NULL,
  `start_date` date NOT NULL,
  `end_date` date DEFAULT NULL,
  `created_at` timestamp NULL DEFAULT NULL,
  `updated_at` timestamp NULL DEFAULT NULL
) ENGINE=InnoDB DEFAULT CHARSET=utf8mb4 COLLATE=utf8mb4_unicode_ci;

-- --------------------------------------------------------

--
-- Table structure for table `hunting_activity_professional_hunter_licenses`
--

CREATE TABLE `hunting_activity_professional_hunter_licenses` (
  `id` bigint(20) UNSIGNED NOT NULL,
  `hunting_activity_id` bigint(20) UNSIGNED NOT NULL,
  `license_number` varchar(255) DEFAULT NULL,
  `hunter_name` varchar(255) DEFAULT NULL,
  `created_at` timestamp NULL DEFAULT NULL,
  `updated_at` timestamp NULL DEFAULT NULL
) ENGINE=InnoDB DEFAULT CHARSET=utf8mb4 COLLATE=utf8mb4_unicode_ci;

-- --------------------------------------------------------

--
-- Table structure for table `hunting_activity_species`
--

CREATE TABLE `hunting_activity_species` (
  `id` bigint(20) UNSIGNED NOT NULL,
  `hunting_activity_id` bigint(20) UNSIGNED NOT NULL,
  `species_id` bigint(20) UNSIGNED NOT NULL,
  `off_take` int(11) NOT NULL,
  `created_at` timestamp NULL DEFAULT NULL,
  `updated_at` timestamp NULL DEFAULT NULL
) ENGINE=InnoDB DEFAULT CHARSET=utf8mb4 COLLATE=utf8mb4_unicode_ci;

-- --------------------------------------------------------

--
-- Table structure for table `hunting_concessions`
--

CREATE TABLE `hunting_concessions` (
  `id` bigint(20) UNSIGNED NOT NULL,
  `name` varchar(255) NOT NULL,
  `organisation_id` bigint(20) UNSIGNED NOT NULL,
  `safari_id` bigint(20) UNSIGNED DEFAULT NULL,
  `hectarage` varchar(255) DEFAULT NULL,
  `description` longtext DEFAULT NULL,
  `latitude` varchar(255) DEFAULT NULL,
  `longitude` varchar(255) DEFAULT NULL,
  `slug` varchar(255) DEFAULT NULL,
  `created_at` timestamp NULL DEFAULT NULL,
  `updated_at` timestamp NULL DEFAULT NULL
) ENGINE=InnoDB DEFAULT CHARSET=utf8mb4 COLLATE=utf8mb4_unicode_ci;

-- --------------------------------------------------------

--
-- Table structure for table `hunting_concession_ward`
--

CREATE TABLE `hunting_concession_ward` (
  `hunting_concession_id` bigint(20) UNSIGNED NOT NULL,
  `ward_id` bigint(20) UNSIGNED NOT NULL
) ENGINE=InnoDB DEFAULT CHARSET=utf8mb4 COLLATE=utf8mb4_unicode_ci;

-- --------------------------------------------------------

--
-- Table structure for table `hunting_out_comes`
--

CREATE TABLE `hunting_out_comes` (
  `id` bigint(20) UNSIGNED NOT NULL,
  `name` varchar(255) NOT NULL,
  `description` longtext DEFAULT NULL,
  `slug` varchar(255) DEFAULT NULL,
  `created_at` timestamp NULL DEFAULT NULL,
  `updated_at` timestamp NULL DEFAULT NULL
) ENGINE=InnoDB DEFAULT CHARSET=utf8mb4 COLLATE=utf8mb4_unicode_ci;

--
-- Dumping data for table `hunting_out_comes`
--

INSERT INTO `hunting_out_comes` (`id`, `name`, `description`, `slug`, `created_at`, `updated_at`) VALUES
(1, 'Killed', NULL, 'killed', '2025-04-02 23:59:52', '2025-04-02 23:59:52'),
(2, 'Injured', NULL, 'injured', '2025-04-02 23:59:52', '2025-04-02 23:59:52'),
(3, 'Injured and Escaped', NULL, 'injured-and-escaped', '2025-04-02 23:59:52', '2025-04-02 23:59:52'),
(4, 'Missed', NULL, 'missed', '2025-04-02 23:59:52', '2025-04-02 23:59:52');

-- --------------------------------------------------------

--
-- Table structure for table `hunting_records`
--

CREATE TABLE `hunting_records` (
  `id` bigint(20) UNSIGNED NOT NULL,
  `organisation_id` bigint(20) UNSIGNED NOT NULL,
  `species_id` bigint(20) UNSIGNED NOT NULL,
  `period` year(4) NOT NULL,
  `allocated` int(11) NOT NULL,
  `utilised` int(11) NOT NULL,
  `created_at` timestamp NULL DEFAULT NULL,
  `updated_at` timestamp NULL DEFAULT NULL
) ENGINE=InnoDB DEFAULT CHARSET=utf8mb4 COLLATE=utf8mb4_unicode_ci;

-- --------------------------------------------------------

--
-- Table structure for table `identification_types`
--

CREATE TABLE `identification_types` (
  `id` bigint(20) UNSIGNED NOT NULL,
  `name` varchar(255) NOT NULL,
  `slug` varchar(255) DEFAULT NULL,
  `created_at` timestamp NULL DEFAULT NULL,
  `updated_at` timestamp NULL DEFAULT NULL
) ENGINE=InnoDB DEFAULT CHARSET=utf8mb4 COLLATE=utf8mb4_unicode_ci;

--
-- Dumping data for table `identification_types`
--

INSERT INTO `identification_types` (`id`, `name`, `slug`, `created_at`, `updated_at`) VALUES
(1, 'National Identification Card', 'national-identification-card', '2025-04-02 23:59:52', '2025-04-02 23:59:52'),
(2, 'Passport', 'passport', '2025-04-02 23:59:52', '2025-04-02 23:59:52');

-- --------------------------------------------------------

--
-- Table structure for table `income_beneficiary_records`
--

CREATE TABLE `income_beneficiary_records` (
  `id` bigint(20) UNSIGNED NOT NULL,
  `organisation_id` bigint(20) UNSIGNED NOT NULL,
  `period` year(4) NOT NULL,
  `households` int(11) NOT NULL DEFAULT 0,
  `males` int(11) NOT NULL DEFAULT 0,
  `females` int(11) NOT NULL DEFAULT 0,
  `notes` text DEFAULT NULL,
  `created_at` timestamp NULL DEFAULT NULL,
  `updated_at` timestamp NULL DEFAULT NULL
) ENGINE=InnoDB DEFAULT CHARSET=utf8mb4 COLLATE=utf8mb4_unicode_ci;

-- --------------------------------------------------------

--
-- Table structure for table `income_records`
--

CREATE TABLE `income_records` (
  `id` bigint(20) UNSIGNED NOT NULL,
  `organisation_id` bigint(20) UNSIGNED NOT NULL,
  `period` year(4) NOT NULL,
  `rdc_share` decimal(10,2) NOT NULL,
  `community_share` decimal(10,2) NOT NULL,
  `ca_share` decimal(10,2) NOT NULL,
  `created_at` timestamp NULL DEFAULT NULL,
  `updated_at` timestamp NULL DEFAULT NULL
) ENGINE=InnoDB DEFAULT CHARSET=utf8mb4 COLLATE=utf8mb4_unicode_ci;

-- --------------------------------------------------------

--
-- Table structure for table `income_use_records`
--

CREATE TABLE `income_use_records` (
  `id` bigint(20) UNSIGNED NOT NULL,
  `organisation_id` bigint(20) UNSIGNED NOT NULL,
  `period` year(4) NOT NULL,
  `administration_amount` decimal(15,2) NOT NULL DEFAULT 0.00,
  `management_activities_amount` decimal(15,2) NOT NULL DEFAULT 0.00,
  `social_services_amount` decimal(15,2) NOT NULL DEFAULT 0.00,
  `law_enforcement_amount` decimal(15,2) NOT NULL DEFAULT 0.00,
  `other_amount` decimal(15,2) NOT NULL DEFAULT 0.00,
  `other_description` text DEFAULT NULL,
  `created_at` timestamp NULL DEFAULT NULL,
  `updated_at` timestamp NULL DEFAULT NULL
) ENGINE=InnoDB DEFAULT CHARSET=utf8mb4 COLLATE=utf8mb4_unicode_ci;

-- --------------------------------------------------------

--
-- Table structure for table `jobs`
--

CREATE TABLE `jobs` (
  `id` bigint(20) UNSIGNED NOT NULL,
  `queue` varchar(255) NOT NULL,
  `payload` longtext NOT NULL,
  `attempts` tinyint(3) UNSIGNED NOT NULL,
  `reserved_at` int(10) UNSIGNED DEFAULT NULL,
  `available_at` int(10) UNSIGNED NOT NULL,
  `created_at` int(10) UNSIGNED NOT NULL
) ENGINE=InnoDB DEFAULT CHARSET=utf8mb4 COLLATE=utf8mb4_unicode_ci;

-- --------------------------------------------------------

--
-- Table structure for table `job_batches`
--

CREATE TABLE `job_batches` (
  `id` varchar(255) NOT NULL,
  `name` varchar(255) NOT NULL,
  `total_jobs` int(11) NOT NULL,
  `pending_jobs` int(11) NOT NULL,
  `failed_jobs` int(11) NOT NULL,
  `failed_job_ids` longtext NOT NULL,
  `options` mediumtext DEFAULT NULL,
  `cancelled_at` int(11) DEFAULT NULL,
  `created_at` int(11) NOT NULL,
  `finished_at` int(11) DEFAULT NULL
) ENGINE=InnoDB DEFAULT CHARSET=utf8mb4 COLLATE=utf8mb4_unicode_ci;

-- --------------------------------------------------------

--
-- Table structure for table `live_stock_conflict_records`
--

CREATE TABLE `live_stock_conflict_records` (
  `id` bigint(20) UNSIGNED NOT NULL,
  `organisation_id` bigint(20) UNSIGNED NOT NULL,
  `species_id` bigint(20) UNSIGNED NOT NULL,
  `live_stock_type_id` bigint(20) UNSIGNED NOT NULL,
  `killed` int(11) NOT NULL DEFAULT 0,
  `injured` int(11) NOT NULL DEFAULT 0,
  `period` year(4) NOT NULL,
  `created_at` timestamp NULL DEFAULT NULL,
  `updated_at` timestamp NULL DEFAULT NULL
) ENGINE=InnoDB DEFAULT CHARSET=utf8mb4 COLLATE=utf8mb4_unicode_ci;

-- --------------------------------------------------------

--
-- Table structure for table `live_stock_types`
--

CREATE TABLE `live_stock_types` (
  `id` bigint(20) UNSIGNED NOT NULL,
  `name` varchar(255) NOT NULL,
  `description` text DEFAULT NULL,
  `created_at` timestamp NULL DEFAULT NULL,
  `updated_at` timestamp NULL DEFAULT NULL
) ENGINE=InnoDB DEFAULT CHARSET=utf8mb4 COLLATE=utf8mb4_unicode_ci;

--
-- Dumping data for table `live_stock_types`
--

INSERT INTO `live_stock_types` (`id`, `name`, `description`, `created_at`, `updated_at`) VALUES
(1, 'Cattle', 'Cows, bulls, and calves', '2025-04-02 23:59:53', '2025-04-02 23:59:53'),
(2, 'Goats', 'Domestic goats', '2025-04-02 23:59:53', '2025-04-02 23:59:53'),
(3, 'Sheep', 'Domestic sheep', '2025-04-02 23:59:53', '2025-04-02 23:59:53'),
(4, 'Chickens', 'Domestic chickens and roosters', '2025-04-02 23:59:53', '2025-04-02 23:59:53'),
(5, 'Pigs', 'Domestic pigs', '2025-04-02 23:59:53', '2025-04-02 23:59:53'),
(6, 'Donkeys', 'Domestic donkeys', '2025-04-02 23:59:53', '2025-04-02 23:59:53'),
(7, 'Horses', 'Domestic horses', '2025-04-02 23:59:53', '2025-04-02 23:59:53'),
(8, 'Camels', 'Domestic camels', '2025-04-02 23:59:53', '2025-04-02 23:59:53'),
(9, 'Ducks', 'Domestic ducks', '2025-04-02 23:59:53', '2025-04-02 23:59:53'),
(10, 'Turkeys', 'Domestic turkeys', '2025-04-02 23:59:53', '2025-04-02 23:59:53'),
(11, 'Guinea Fowl', 'Domestic guinea fowl', '2025-04-02 23:59:53', '2025-04-02 23:59:53'),
(12, 'Rabbits', 'Domestic rabbits', '2025-04-02 23:59:53', '2025-04-02 23:59:53'),
(13, 'Other', 'Other livestock types not listed', '2025-04-02 23:59:53', '2025-04-02 23:59:53');

-- --------------------------------------------------------

--
-- Table structure for table `maturities`
--

CREATE TABLE `maturities` (
  `id` bigint(20) UNSIGNED NOT NULL,
  `name` varchar(255) NOT NULL,
  `description` longtext DEFAULT NULL,
  `slug` varchar(255) DEFAULT NULL,
  `created_at` timestamp NULL DEFAULT NULL,
  `updated_at` timestamp NULL DEFAULT NULL
) ENGINE=InnoDB DEFAULT CHARSET=utf8mb4 COLLATE=utf8mb4_unicode_ci;

--
-- Dumping data for table `maturities`
--

INSERT INTO `maturities` (`id`, `name`, `description`, `slug`, `created_at`, `updated_at`) VALUES
(1, 'Adult', NULL, 'adult', '2025-04-02 23:59:52', '2025-04-02 23:59:52'),
(2, 'Juvenile', NULL, 'juvenile', '2025-04-02 23:59:52', '2025-04-02 23:59:52');

-- --------------------------------------------------------

--
-- Table structure for table `migrations`
--

CREATE TABLE `migrations` (
  `id` int(10) UNSIGNED NOT NULL,
  `migration` varchar(255) NOT NULL,
  `batch` int(11) NOT NULL
) ENGINE=InnoDB DEFAULT CHARSET=utf8mb4 COLLATE=utf8mb4_unicode_ci;

--
-- Dumping data for table `migrations`
--

INSERT INTO `migrations` (`id`, `migration`, `batch`) VALUES
(1, '0001_01_01_000000_create_users_table', 1),
(2, '0001_01_01_000001_create_cache_table', 1),
(3, '0001_01_01_000002_create_jobs_table', 1),
(4, '2023_06_07_130057_create_provinces_table', 1),
(5, '2023_06_07_130102_create_cities_table', 1),
(6, '2023_12_11_085801_create_species_table', 1),
(7, '2024_01_13_092423_organisation_type_organisation_type_pivot', 1),
(8, '2024_01_13_092510_organisation_users', 1),
(9, '2024_01_20_212148_create_species_genders_table', 1),
(10, '2024_01_20_212208_create_counting_methods_table', 1),
(11, '2024_01_22_082644_create_maturities_table', 1),
(12, '2024_01_23_154934_organisation_permissions_pivot', 1),
(13, '2024_01_25_101250_create_countries_table', 1),
(14, '2024_01_25_165149_create_hunting_concessions_table', 1),
(15, '2024_01_28_072748_hunting_concession_ward', 1),
(16, '2024_01_28_165558_create_genders_table', 1),
(17, '2024_01_28_165729_create_conflict_types_table', 1),
(18, '2024_01_28_165744_create_conflict_out_comes_table', 1),
(19, '2024_01_28_170554_create_control_measures_table', 1),
(20, '2024_01_28_183401_create_dynamic_fields_table', 1),
(21, '2024_01_29_035725_create_dynamic_field_options_table', 1),
(22, '2024_01_29_040014_conflict_outcome_dynamic_field_values', 1),
(23, '2024_02_02_093326_create_poaching_methods_table', 1),
(24, '2024_02_02_093517_create_poaching_reasons_table', 1),
(25, '2024_02_02_093549_create_poacher_types_table', 1),
(26, '2024_02_02_093615_create_offence_types_table', 1),
(27, '2024_02_02_093716_create_identification_types_table', 1),
(28, '2024_02_07_084147_create_shots_table', 1),
(29, '2024_02_07_084353_create_hunting_out_comes_table', 1),
(30, '2024_02_19_063628_create_organisations_table', 1),
(31, '2024_02_19_063634_create_organisation_types_table', 1),
(32, '2024_02_19_063729_create_modules_table', 1),
(33, '2024_03_15_021211_create_categories_table', 1),
(34, '2024_03_15_021241_create_payable_items_table', 1),
(35, '2024_03_15_021301_create_organisation_payable_items_table', 1),
(36, '2024_03_15_021314_create_transactions_table', 1),
(37, '2024_03_15_023346_create_organisation_payable_item_species_table', 1),
(38, '2024_03_15_061107_create_transaction_payables_table', 1),
(39, '2024_03_19_000001_create_wildlife_conflict_incidents_table', 1),
(40, '2024_06_12_124304_create_hunting_records_table', 1),
(41, '2024_06_13_061659_create_conflict_records_table', 1),
(42, '2024_06_15_070442_create_income_records_table', 1),
(43, '2025_02_21_114655_create_permission_tables', 1),
(44, '2025_02_21_130833_create_oauth_auth_codes_table', 1),
(45, '2025_02_21_130834_create_oauth_access_tokens_table', 1),
(46, '2025_02_21_130835_create_oauth_refresh_tokens_table', 1),
(47, '2025_02_21_130836_create_oauth_clients_table', 1),
(48, '2025_02_21_130837_create_oauth_personal_access_clients_table', 1),
(49, '2025_03_12_051105_create_crop_types_table', 1),
(50, '2025_03_12_051149_create_crop_conflict_records_table', 1),
(51, '2025_03_12_053558_create_live_stock_types_table', 1),
(52, '2025_03_12_053639_create_live_stock_conflict_records_table', 1),
(53, '2025_03_12_054925_create_human_conflict_records_table', 1),
(54, '2025_03_12_060959_create_animal_control_records_table', 1),
(55, '2025_03_12_114126_create_poaching_records_table', 1),
(56, '2025_03_12_115823_create_poachers_records_table', 1),
(57, '2025_03_13_042414_create_income_use_records_table', 1),
(58, '2025_03_13_051047_create_income_beneficiary_records_table', 1),
(59, '2025_03_13_052737_create_human_resource_records_table', 1),
(60, '2025_03_14_000000_create_source_of_income_records_table', 1),
(61, '2025_03_27_123353_create_quota_allocations_table', 1),
(62, '2025_03_31_160322_create_hunting_activities_table', 1),
(63, '2025_03_31_160329_create_hunting_activity_species_table', 1),
(64, '2025_03_31_160336_create_quota_allocation_balances_table', 1),
(65, '2025_03_31_160358_create_hunting_activity_professional_hunter_licenses_table', 1),
(66, '2025_04_02_181531_create_wildlife_conflict_outcomes_table', 1),
(67, '2025_04_02_181949_create_wildlife_conflict_dynamic_values_table', 1),
(68, '2025_04_02_200741_create_poaching_incidents_table', 1),
(69, '2025_04_02_200748_create_poaching_incident_species_table', 1),
(70, '2025_04_02_200836_create_poaching_incident_methods_table', 1),
(71, '2025_04_02_200849_create_poachers_table', 1),
(72, '2025_04_02_214536_add_status_to_poachers_table', 1),
(73, '2025_04_02_214809_add_docket_fields_to_poaching_incidents_table', 1),
(74, '2025_04_02_230918_create_problem_animal_controls_table', 1);

-- --------------------------------------------------------

--
-- Table structure for table `model_has_permissions`
--

CREATE TABLE `model_has_permissions` (
  `permission_id` bigint(20) UNSIGNED NOT NULL,
  `model_type` varchar(255) NOT NULL,
  `model_id` bigint(20) UNSIGNED NOT NULL,
  `organisation_id` bigint(20) UNSIGNED NOT NULL
) ENGINE=InnoDB DEFAULT CHARSET=utf8mb4 COLLATE=utf8mb4_unicode_ci;

-- --------------------------------------------------------

--
-- Table structure for table `model_has_roles`
--

CREATE TABLE `model_has_roles` (
  `role_id` bigint(20) UNSIGNED NOT NULL,
  `model_type` varchar(255) NOT NULL,
  `model_id` bigint(20) UNSIGNED NOT NULL,
  `organisation_id` bigint(20) UNSIGNED NOT NULL
) ENGINE=InnoDB DEFAULT CHARSET=utf8mb4 COLLATE=utf8mb4_unicode_ci;

--
-- Dumping data for table `model_has_roles`
--

INSERT INTO `model_has_roles` (`role_id`, `model_type`, `model_id`, `organisation_id`) VALUES
(48, 'App\\Models\\User', 1, 4);

-- --------------------------------------------------------

--
-- Table structure for table `modules`
--

CREATE TABLE `modules` (
  `id` bigint(20) UNSIGNED NOT NULL,
  `name` varchar(255) NOT NULL,
  `slug` varchar(255) DEFAULT NULL,
  `created_at` timestamp NULL DEFAULT NULL,
  `updated_at` timestamp NULL DEFAULT NULL
) ENGINE=InnoDB DEFAULT CHARSET=utf8mb4 COLLATE=utf8mb4_unicode_ci;

--
-- Dumping data for table `modules`
--

INSERT INTO `modules` (`id`, `name`, `slug`, `created_at`, `updated_at`) VALUES
(1, 'Generic', 'generic', '2025-04-02 23:59:49', '2025-04-02 23:59:49'),
(2, 'Wildlife', 'wildlife', '2025-04-02 23:59:49', '2025-04-02 23:59:49'),
(3, 'Population Estimate', 'population-estimate', '2025-04-02 23:59:49', '2025-04-02 23:59:49'),
(4, 'Quota Setting', 'quota-setting', '2025-04-02 23:59:49', '2025-04-02 23:59:49'),
(5, 'Hunting Concession', 'hunting-concession', '2025-04-02 23:59:49', '2025-04-02 23:59:49'),
(6, 'Hunting Client', 'hunting-client', '2025-04-02 23:59:49', '2025-04-02 23:59:49'),
(7, 'Hunting Activity', 'hunting-activity', '2025-04-02 23:59:49', '2025-04-02 23:59:49'),
(8, 'Human Wildlife Conflict', 'human-wildlife-conflict', '2025-04-02 23:59:49', '2025-04-02 23:59:49'),
(9, 'Problematic Animal Control', 'problematic-animal-control', '2025-04-02 23:59:49', '2025-04-02 23:59:49'),
(10, 'Poaching', 'poaching', '2025-04-02 23:59:49', '2025-04-02 23:59:49'),
(11, 'Child Organisation', 'child-organisation', '2025-04-02 23:59:49', '2025-04-02 23:59:49'),
(12, 'Organisation User', 'organisation-user', '2025-04-02 23:59:49', '2025-04-02 23:59:49'),
(13, 'Revenue Sharing', 'revenue-sharing', '2025-04-02 23:59:49', '2025-04-02 23:59:49'),
(14, 'Finance', 'finance', '2025-04-02 23:59:49', '2025-04-02 23:59:49');

-- --------------------------------------------------------

--
-- Table structure for table `oauth_access_tokens`
--

CREATE TABLE `oauth_access_tokens` (
  `id` varchar(100) NOT NULL,
  `user_id` bigint(20) UNSIGNED DEFAULT NULL,
  `client_id` bigint(20) UNSIGNED NOT NULL,
  `name` varchar(255) DEFAULT NULL,
  `scopes` text DEFAULT NULL,
  `revoked` tinyint(1) NOT NULL,
  `created_at` timestamp NULL DEFAULT NULL,
  `updated_at` timestamp NULL DEFAULT NULL,
  `expires_at` datetime DEFAULT NULL
) ENGINE=InnoDB DEFAULT CHARSET=utf8mb4 COLLATE=utf8mb4_unicode_ci;

-- --------------------------------------------------------

--
-- Table structure for table `oauth_auth_codes`
--

CREATE TABLE `oauth_auth_codes` (
  `id` varchar(100) NOT NULL,
  `user_id` bigint(20) UNSIGNED NOT NULL,
  `client_id` bigint(20) UNSIGNED NOT NULL,
  `scopes` text DEFAULT NULL,
  `revoked` tinyint(1) NOT NULL,
  `expires_at` datetime DEFAULT NULL
) ENGINE=InnoDB DEFAULT CHARSET=utf8mb4 COLLATE=utf8mb4_unicode_ci;

-- --------------------------------------------------------

--
-- Table structure for table `oauth_clients`
--

CREATE TABLE `oauth_clients` (
  `id` bigint(20) UNSIGNED NOT NULL,
  `user_id` bigint(20) UNSIGNED DEFAULT NULL,
  `name` varchar(255) NOT NULL,
  `secret` varchar(100) DEFAULT NULL,
  `provider` varchar(255) DEFAULT NULL,
  `redirect` text NOT NULL,
  `personal_access_client` tinyint(1) NOT NULL,
  `password_client` tinyint(1) NOT NULL,
  `revoked` tinyint(1) NOT NULL,
  `created_at` timestamp NULL DEFAULT NULL,
  `updated_at` timestamp NULL DEFAULT NULL
) ENGINE=InnoDB DEFAULT CHARSET=utf8mb4 COLLATE=utf8mb4_unicode_ci;

-- --------------------------------------------------------

--
-- Table structure for table `oauth_personal_access_clients`
--

CREATE TABLE `oauth_personal_access_clients` (
  `id` bigint(20) UNSIGNED NOT NULL,
  `client_id` bigint(20) UNSIGNED NOT NULL,
  `created_at` timestamp NULL DEFAULT NULL,
  `updated_at` timestamp NULL DEFAULT NULL
) ENGINE=InnoDB DEFAULT CHARSET=utf8mb4 COLLATE=utf8mb4_unicode_ci;

-- --------------------------------------------------------

--
-- Table structure for table `oauth_refresh_tokens`
--

CREATE TABLE `oauth_refresh_tokens` (
  `id` varchar(100) NOT NULL,
  `access_token_id` varchar(100) NOT NULL,
  `revoked` tinyint(1) NOT NULL,
  `expires_at` datetime DEFAULT NULL
) ENGINE=InnoDB DEFAULT CHARSET=utf8mb4 COLLATE=utf8mb4_unicode_ci;

-- --------------------------------------------------------

--
-- Table structure for table `offence_types`
--

CREATE TABLE `offence_types` (
  `id` bigint(20) UNSIGNED NOT NULL,
  `name` varchar(255) NOT NULL,
  `slug` varchar(255) DEFAULT NULL,
  `created_at` timestamp NULL DEFAULT NULL,
  `updated_at` timestamp NULL DEFAULT NULL
) ENGINE=InnoDB DEFAULT CHARSET=utf8mb4 COLLATE=utf8mb4_unicode_ci;

--
-- Dumping data for table `offence_types`
--

INSERT INTO `offence_types` (`id`, `name`, `slug`, `created_at`, `updated_at`) VALUES
(1, 'First-time offender', 'first-time-offender', '2025-04-02 23:59:52', '2025-04-02 23:59:52'),
(2, 'Habitual offender', 'habitual-offender', '2025-04-02 23:59:52', '2025-04-02 23:59:52');

-- --------------------------------------------------------

--
-- Table structure for table `organisations`
--

CREATE TABLE `organisations` (
  `id` bigint(20) UNSIGNED NOT NULL,
  `name` varchar(255) NOT NULL,
  `organisation_type_id` bigint(20) UNSIGNED NOT NULL,
  `organisation_id` bigint(20) UNSIGNED DEFAULT NULL,
  `logo` varchar(255) DEFAULT NULL,
  `description` longtext DEFAULT NULL,
  `slug` varchar(255) DEFAULT NULL,
  `created_at` timestamp NULL DEFAULT NULL,
  `updated_at` timestamp NULL DEFAULT NULL
) ENGINE=InnoDB DEFAULT CHARSET=utf8mb4 COLLATE=utf8mb4_unicode_ci;

--
-- Dumping data for table `organisations`
--

INSERT INTO `organisations` (`id`, `name`, `organisation_type_id`, `organisation_id`, `logo`, `description`, `slug`, `created_at`, `updated_at`) VALUES
(1, 'Regional CBNRM', 1, NULL, NULL, NULL, 'regional-cbnrm', '2024-01-28 06:03:49', '2024-01-28 06:03:49'),
(2, 'Resource Africa', 2, 1, NULL, NULL, 'resource-africa', '2024-01-28 06:04:18', '2024-01-28 06:04:18'),
(3, 'Jamma International', 2, 1, NULL, NULL, 'jamma-international', '2024-01-28 06:04:32', '2024-01-28 06:04:32'),
(4, 'Leading Digital', 3, 1, NULL, NULL, 'leading-digital', '2024-01-28 06:04:40', '2024-01-28 06:04:40'),
(5, 'Zimbabwe', 4, 1, NULL, NULL, 'zimbabwe', '2024-01-28 06:04:51', '2024-01-28 06:04:51'),
(6, 'Beitbridge', 5, 5, NULL, NULL, 'beitbridge', '2024-02-01 23:24:17', '2024-02-01 23:24:17'),
(7, 'Binga', 5, 5, NULL, NULL, 'binga', '2024-02-01 23:24:25', '2024-02-01 23:24:25'),
(8, 'Bulilima', 5, 5, NULL, NULL, 'bulilima', '2024-02-01 23:24:31', '2024-02-01 23:24:31'),
(9, 'Bubi', 5, 5, NULL, NULL, 'bubi', '2024-02-01 23:24:39', '2024-02-01 23:24:39'),
(10, 'Chipinge', 5, 5, NULL, NULL, 'chipinge', '2024-02-01 23:24:43', '2024-02-01 23:24:43'),
(11, 'Chiredzi', 5, 5, NULL, NULL, 'chiredzi', '2024-02-01 23:24:48', '2024-02-01 23:24:48'),
(12, 'Gokwe North', 5, 5, NULL, NULL, 'gokwe-north', '2024-02-01 23:24:54', '2024-02-01 23:24:54'),
(13, 'Gokwe South', 5, 5, NULL, NULL, 'gokwe-south', '2024-02-01 23:25:01', '2024-02-01 23:25:01'),
(14, 'Hurungwe', 5, 5, NULL, NULL, 'hurungwe', '2024-02-01 23:25:10', '2024-02-01 23:25:10'),
(15, 'Hwange', 5, 5, NULL, NULL, 'hwange', '2024-02-01 23:25:15', '2024-02-01 23:25:15'),
(16, 'Uzumba Maramba Pfungwe (UMP)', 5, 5, NULL, NULL, 'uzumba-maramba-pfungwe-ump', '2024-02-01 23:26:09', '2024-02-01 23:26:09'),
(17, 'Umguza', 5, 5, NULL, NULL, 'umguza', '2024-02-01 23:26:15', '2024-02-01 23:26:15'),
(18, 'Mangwe', 5, 5, NULL, NULL, 'mangwe', '2024-02-01 23:26:20', '2024-02-01 23:26:20'),
(19, 'Mbire', 5, 5, NULL, NULL, 'mbire', '2024-02-01 23:26:30', '2024-02-01 23:26:30'),
(20, 'Nyaminyami', 5, 5, NULL, NULL, 'nyaminyami', '2024-02-01 23:26:35', '2024-02-01 23:26:35'),
(21, 'Tsholotsho', 5, 5, NULL, NULL, 'tsholotsho', '2024-02-01 23:26:42', '2024-02-01 23:26:42'),
(22, 'Campfire Association', 12, 5, NULL, NULL, 'campfire-association', '2024-02-01 23:26:42', '2024-02-01 23:26:42'),
(23, 'Sentinel Safaris', 13, 6, NULL, NULL, 'sentinel-safaris', '2024-02-07 04:45:04', '2024-02-07 04:45:04'),
(24, 'Nengasha Safaris', 13, 6, NULL, NULL, 'nengasha-safaris', '2024-02-07 04:45:10', '2024-02-07 04:45:10'),
(25, 'Threeways Safaris', 13, 6, NULL, NULL, 'threeways-safaris', '2024-02-07 04:45:17', '2024-02-07 04:45:17'),
(26, 'Lowveld Hunters', 13, 7, NULL, NULL, 'lowveld-hunters', '2024-02-07 04:45:39', '2024-02-07 04:45:39'),
(27, 'Lodzi Hunters', 13, 7, NULL, NULL, 'lodzi-hunters', '2024-02-07 04:45:47', '2024-02-07 04:45:47'),
(28, 'Muvhimi safaris', 13, 8, NULL, NULL, 'muvhimi-safaris', '2024-02-07 04:46:11', '2024-02-07 04:46:11'),
(29, 'Nengasha Safaris', 13, 9, NULL, NULL, 'nengasha-safaris-1', '2024-02-07 04:46:32', '2024-02-07 04:46:32'),
(30, 'Zambezi Hunters', 13, 10, NULL, NULL, 'zambezi-hunters', '2024-02-07 04:46:59', '2024-02-07 04:46:59'),
(31, 'Shangani Safaris', 13, 11, NULL, NULL, 'shangani-safaris', '2024-02-07 04:47:37', '2024-02-07 04:47:37'),
(32, 'SSG Safaris', 13, 11, NULL, NULL, 'ssg-safaris', '2024-02-07 04:47:44', '2024-02-07 04:47:44'),
(33, 'Lowveld Hunters', 13, 11, NULL, NULL, 'lowveld-hunters-1', '2024-02-07 04:47:51', '2024-02-07 04:47:51'),
(34, 'Afropride Safaris', 13, 12, NULL, NULL, 'afropride-safaris', '2024-02-07 04:48:54', '2024-02-07 04:48:54'),
(35, 'Afropride Safaris', 13, 13, NULL, NULL, 'afropride-safaris-1', '2024-02-07 04:49:22', '2024-02-07 04:49:22'),
(36, 'Hurungwe Safaris', 13, 14, NULL, NULL, 'hurungwe-safaris', '2024-02-07 04:50:12', '2024-02-07 04:50:12'),
(37, 'Mbalabala Safaris', 13, 15, NULL, NULL, 'mbalabala-safaris', '2024-02-07 04:50:34', '2024-02-07 04:50:34'),
(38, 'Rogue Hunting & Safaris', 13, 16, NULL, NULL, 'rogue-hunting-safaris', '2024-02-07 04:51:59', '2024-02-07 04:51:59'),
(39, 'Nyamazana Safaris', 13, 17, NULL, NULL, 'nyamazana-safaris', '2024-02-07 04:52:23', '2024-02-07 04:52:23'),
(40, 'Western Safaris', 13, 18, NULL, NULL, 'western-safaris', '2024-02-07 04:52:40', '2024-02-07 04:52:40'),
(41, 'Matebele Hunters', 13, 18, NULL, NULL, 'matebele-hunters', '2024-02-07 04:52:46', '2024-02-07 04:52:46'),
(42, 'C.M Safaris', 13, 19, NULL, NULL, 'cm-safaris', '2024-02-07 04:53:16', '2024-02-07 04:53:16'),
(43, 'HHK Safaris', 13, 19, NULL, NULL, 'hhk-safaris', '2024-02-07 04:54:30', '2024-02-07 04:54:30'),
(44, 'National Safaris', 13, 20, NULL, NULL, 'national-safaris', '2024-02-07 04:55:12', '2024-02-07 04:55:12'),
(45, 'Track A Hunt Safaris', 13, 20, NULL, NULL, 'track-a-hunt-safaris', '2024-02-07 04:55:19', '2024-02-07 04:55:19'),
(46, 'Matupula Hunters', 13, 21, NULL, NULL, 'matupula-hunters', '2024-02-07 04:55:57', '2024-02-07 04:55:57'),
(47, 'Lodzi Hunters', 13, 21, NULL, NULL, 'lodzi-hunters-1', '2024-02-07 04:56:06', '2024-02-07 04:56:06');

-- --------------------------------------------------------

--
-- Table structure for table `organisation_payable_items`
--

CREATE TABLE `organisation_payable_items` (
  `id` bigint(20) UNSIGNED NOT NULL,
  `organisation_id` bigint(20) UNSIGNED NOT NULL,
  `payable_item_id` bigint(20) UNSIGNED NOT NULL,
  `price` decimal(10,2) DEFAULT NULL,
  `created_at` timestamp NULL DEFAULT NULL,
  `updated_at` timestamp NULL DEFAULT NULL
) ENGINE=InnoDB DEFAULT CHARSET=utf8mb4 COLLATE=utf8mb4_unicode_ci;

-- --------------------------------------------------------

--
-- Table structure for table `organisation_payable_item_species`
--

CREATE TABLE `organisation_payable_item_species` (
  `id` bigint(20) UNSIGNED NOT NULL,
  `organisation_payable_item_id` bigint(20) UNSIGNED NOT NULL,
  `species_id` bigint(20) UNSIGNED NOT NULL,
  `price` decimal(10,2) DEFAULT NULL,
  `created_at` timestamp NULL DEFAULT NULL,
  `updated_at` timestamp NULL DEFAULT NULL
) ENGINE=InnoDB DEFAULT CHARSET=utf8mb4 COLLATE=utf8mb4_unicode_ci;

-- --------------------------------------------------------

--
-- Table structure for table `organisation_permissions`
--

CREATE TABLE `organisation_permissions` (
  `id` bigint(20) UNSIGNED NOT NULL,
  `organisation_id` bigint(20) UNSIGNED NOT NULL,
  `permission_id` bigint(20) UNSIGNED NOT NULL,
  `created_at` timestamp NULL DEFAULT NULL,
  `updated_at` timestamp NULL DEFAULT NULL
) ENGINE=InnoDB DEFAULT CHARSET=utf8mb4 COLLATE=utf8mb4_unicode_ci;

-- --------------------------------------------------------

--
-- Table structure for table `organisation_types`
--

CREATE TABLE `organisation_types` (
  `id` bigint(20) UNSIGNED NOT NULL,
  `name` varchar(255) NOT NULL,
  `description` longtext DEFAULT NULL,
  `slug` varchar(255) DEFAULT NULL,
  `created_at` timestamp NULL DEFAULT NULL,
  `updated_at` timestamp NULL DEFAULT NULL
) ENGINE=InnoDB DEFAULT CHARSET=utf8mb4 COLLATE=utf8mb4_unicode_ci;

--
-- Dumping data for table `organisation_types`
--

INSERT INTO `organisation_types` (`id`, `name`, `description`, `slug`, `created_at`, `updated_at`) VALUES
(1, 'System users', 'Users with access to the core system functionalities, typically involved in daily operations and management tasks.', 'system-users', '2025-04-02 23:59:49', '2025-04-02 23:59:49'),
(2, 'Funders', 'Individuals or organizations that provide financial support for projects or operations, playing a critical role in resource allocation.', 'funders', '2025-04-02 23:59:49', '2025-04-02 23:59:49'),
(3, 'Developers', 'Technical professionals responsible for developing, maintaining, and updating the system software.', 'developers', '2025-04-02 23:59:49', '2025-04-02 23:59:49'),
(4, 'Zimbabwe template', 'A predefined framework used specifically for configurations and operations within Zimbabwe.', 'zimbabwe-template', '2025-04-02 23:59:49', '2025-04-02 23:59:49'),
(5, 'Rural District Council', 'Local government authorities responsible for the administration and governance of rural areas, focusing on development and local services.', 'rural-district-council', '2025-04-02 23:59:49', '2025-04-02 23:59:49'),
(6, 'Wildlife Management Authority', 'Governing body overseeing the conservation and management of wildlife resources, ensuring sustainable practices and protection of biodiversity.', 'zimbabwe-parks-wildlife-management-authority', '2025-04-02 23:59:49', '2025-04-02 23:59:49'),
(7, 'NGOs', 'Non-governmental organizations involved in various aspects of community development, environmental conservation, and social welfare.', 'ngos', '2025-04-02 23:59:49', '2025-04-02 23:59:49'),
(8, 'Wards', 'Producer Communities.', 'wards', '2025-04-02 23:59:49', '2025-04-02 23:59:49'),
(9, 'Campfire Committee', 'Committees involved in managing community-based natural resource projects, focusing on benefiting local communities through wildlife and tourism.', 'campfire-committee', '2025-04-02 23:59:49', '2025-04-02 23:59:49'),
(10, 'Villages', 'Producer Communities.', 'villages', '2025-04-02 23:59:49', '2025-04-02 23:59:49'),
(11, 'Zimparks Stations', 'Operational bases for the Zimbabwe Parks and Wildlife Management Authority, tasked with protecting and managing national parks and wildlife.', 'zimparks-stations', '2025-04-02 23:59:49', '2025-04-02 23:59:49'),
(12, 'Associations', 'Groups or coalitions formed around common interests or professions, providing a platform for collaboration and advocacy.', 'associations', '2025-04-02 23:59:49', '2025-04-02 23:59:49'),
(13, 'Safari Operators', 'Companies or individuals that organize and conduct safari tours, responsible for offering wildlife experiences and managing tourist services.', 'safari-operator', '2025-04-02 23:59:49', '2025-04-02 23:59:49');

-- --------------------------------------------------------

--
-- Table structure for table `organisation_type_organisation_type`
--

CREATE TABLE `organisation_type_organisation_type` (
  `id` bigint(20) UNSIGNED NOT NULL,
  `organisation_type_id` int(11) NOT NULL,
  `child_id` int(11) NOT NULL,
  `notes` text DEFAULT NULL,
  `created_at` timestamp NULL DEFAULT NULL,
  `updated_at` timestamp NULL DEFAULT NULL
) ENGINE=InnoDB DEFAULT CHARSET=utf8mb4 COLLATE=utf8mb4_unicode_ci;

--
-- Dumping data for table `organisation_type_organisation_type`
--

INSERT INTO `organisation_type_organisation_type` (`id`, `organisation_type_id`, `child_id`, `notes`, `created_at`, `updated_at`) VALUES
(1, 1, 2, NULL, '2024-01-28 06:01:22', '2024-01-28 06:01:22'),
(2, 1, 3, NULL, '2024-01-28 06:01:32', '2024-01-28 06:01:32'),
(3, 1, 4, NULL, '2024-01-28 06:01:40', '2024-01-28 06:01:40'),
(4, 4, 5, NULL, '2024-01-28 06:01:47', '2024-01-28 06:01:47'),
(5, 4, 6, NULL, '2024-01-28 06:01:59', '2024-01-28 06:01:59'),
(6, 4, 7, NULL, '2024-01-28 06:02:21', '2024-01-28 06:02:21'),
(7, 5, 8, NULL, '2024-01-28 06:02:29', '2024-01-28 06:02:29'),
(8, 8, 10, NULL, '2024-01-28 06:02:54', '2024-01-28 06:02:54'),
(9, 8, 9, NULL, '2024-01-28 06:02:42', '2024-01-28 06:02:42'),
(10, 6, 11, NULL, '2024-01-28 06:03:10', '2024-01-28 06:03:10'),
(11, 4, 12, NULL, '2024-01-28 06:03:10', '2024-01-28 06:03:10'),
(12, 5, 13, NULL, '2024-01-28 06:03:10', '2024-01-28 06:03:10');

-- --------------------------------------------------------

--
-- Table structure for table `organisation_users`
--

CREATE TABLE `organisation_users` (
  `id` bigint(20) UNSIGNED NOT NULL,
  `organisation_id` bigint(20) UNSIGNED NOT NULL,
  `user_id` bigint(20) UNSIGNED NOT NULL,
  `role_id` bigint(20) UNSIGNED DEFAULT NULL,
  `is_active` tinyint(1) NOT NULL DEFAULT 1,
  `created_at` timestamp NULL DEFAULT NULL,
  `updated_at` timestamp NULL DEFAULT NULL
) ENGINE=InnoDB DEFAULT CHARSET=utf8mb4 COLLATE=utf8mb4_unicode_ci;

--
-- Dumping data for table `organisation_users`
--

INSERT INTO `organisation_users` (`id`, `organisation_id`, `user_id`, `role_id`, `is_active`, `created_at`, `updated_at`) VALUES
(1, 4, 1, 48, 1, NULL, NULL);

-- --------------------------------------------------------

--
-- Table structure for table `pac_control_measures`
--

CREATE TABLE `pac_control_measures` (
  `id` bigint(20) UNSIGNED NOT NULL,
  `problem_animal_control_id` bigint(20) UNSIGNED NOT NULL,
  `control_measure_id` bigint(20) UNSIGNED NOT NULL,
  `created_at` timestamp NULL DEFAULT NULL,
  `updated_at` timestamp NULL DEFAULT NULL
) ENGINE=InnoDB DEFAULT CHARSET=utf8mb4 COLLATE=utf8mb4_unicode_ci;

-- --------------------------------------------------------

--
-- Table structure for table `password_reset_tokens`
--

CREATE TABLE `password_reset_tokens` (
  `email` varchar(255) NOT NULL,
  `token` varchar(255) NOT NULL,
  `created_at` timestamp NULL DEFAULT NULL
) ENGINE=InnoDB DEFAULT CHARSET=utf8mb4 COLLATE=utf8mb4_unicode_ci;

-- --------------------------------------------------------

--
-- Table structure for table `payable_items`
--

CREATE TABLE `payable_items` (
  `id` bigint(20) UNSIGNED NOT NULL,
  `category_id` bigint(20) UNSIGNED NOT NULL,
  `name` varchar(255) NOT NULL,
  `description` longtext DEFAULT NULL,
  `slug` varchar(255) DEFAULT NULL,
  `created_at` timestamp NULL DEFAULT NULL,
  `updated_at` timestamp NULL DEFAULT NULL
) ENGINE=InnoDB DEFAULT CHARSET=utf8mb4 COLLATE=utf8mb4_unicode_ci;

--
-- Dumping data for table `payable_items`
--

INSERT INTO `payable_items` (`id`, `category_id`, `name`, `description`, `slug`, `created_at`, `updated_at`) VALUES
(1, 1, 'Trophy Fee', 'Trophy Fee description', 'trophy-fee', '2025-04-02 23:59:52', '2025-04-02 23:59:52'),
(2, 1, 'Hides', 'Hides description', 'hides', '2025-04-02 23:59:52', '2025-04-02 23:59:52'),
(3, 1, 'Daily Rates', 'Daily Rates description', 'daily-rates', '2025-04-02 23:59:52', '2025-04-02 23:59:52'),
(4, 1, 'Meat', 'Meat description', 'meat', '2025-04-02 23:59:52', '2025-04-02 23:59:52'),
(5, 1, 'Ivory', 'Ivory description', 'ivory', '2025-04-02 23:59:52', '2025-04-02 23:59:52'),
(6, 1, 'Live Sales', 'Live Sales description', 'live-sales', '2025-04-02 23:59:52', '2025-04-02 23:59:52'),
(7, 1, 'Traditional Uses', 'Traditional Uses description', 'traditional-uses', '2025-04-02 23:59:52', '2025-04-02 23:59:52'),
(8, 1, 'Egg Sales', 'Egg Sales description', 'egg-sales', '2025-04-02 23:59:52', '2025-04-02 23:59:52'),
(9, 2, 'Wildlife Safaris', 'Wildlife Safaris description', 'wildlife-safaris', '2025-04-02 23:59:52', '2025-04-02 23:59:52'),
(10, 2, 'Bird Watching', 'Bird Watching description', 'bird-watching', '2025-04-02 23:59:52', '2025-04-02 23:59:52'),
(11, 2, 'Hiking and Trekking', 'Hiking and Trekking description', 'hiking-and-trekking', '2025-04-02 23:59:52', '2025-04-02 23:59:52'),
(12, 2, 'Snorkeling and Diving', 'Snorkeling and Diving description', 'snorkeling-and-diving', '2025-04-02 23:59:52', '2025-04-02 23:59:52'),
(13, 2, 'Kayaking and Canoeing', 'Kayaking and Canoeing description', 'kayaking-and-canoeing', '2025-04-02 23:59:52', '2025-04-02 23:59:52'),
(14, 2, 'Responsible Camping', 'Responsible Camping description', 'responsible-camping', '2025-04-02 23:59:52', '2025-04-02 23:59:52'),
(15, 2, 'Volunteer Conservation Projects', 'Volunteer Conservation Projects description', 'volunteer-conservation-projects', '2025-04-02 23:59:52', '2025-04-02 23:59:52'),
(16, 2, 'Cultural Tours', 'Cultural Tours description', 'cultural-tours', '2025-04-02 23:59:52', '2025-04-02 23:59:52'),
(17, 2, 'Eco-Lodges and Sustainable Accommodations', 'Eco-Lodges and Sustainable Accommodations description', 'eco-lodges-and-sustainable-accommodations', '2025-04-02 23:59:52', '2025-04-02 23:59:52'),
(18, 2, 'Agricultural Tours', 'Agricultural Tours description', 'agricultural-tours', '2025-04-02 23:59:52', '2025-04-02 23:59:52'),
(19, 2, 'Educational Workshops and Seminars', 'Educational Workshops and Seminars description', 'educational-workshops-and-seminars', '2025-04-02 23:59:52', '2025-04-02 23:59:52'),
(20, 2, 'Biking Tours', 'Biking Tours description', 'biking-tours', '2025-04-02 23:59:52', '2025-04-02 23:59:52'),
(21, 2, 'Photography Expeditions', 'Photography Expeditions description', 'photography-expeditions', '2025-04-02 23:59:52', '2025-04-02 23:59:52'),
(22, 2, 'Eco-friendly Skiing and Snowboarding', 'Eco-friendly Skiing and Snowboarding description', 'eco-friendly-skiing-and-snowboarding', '2025-04-02 23:59:52', '2025-04-02 23:59:52'),
(23, 2, 'Zip-lining and Canopy Tours', 'Zip-lining and Canopy Tours description', 'zip-lining-and-canopy-tours', '2025-04-02 23:59:52', '2025-04-02 23:59:52'),
(24, 3, 'Grants and Donor Funds', 'Grants and Donor Funds description', 'grants-and-donor-funds', '2025-04-02 23:59:52', '2025-04-02 23:59:52'),
(25, 3, 'Corporate Social Responsibility (CSR) Programs', 'Corporate Social Responsibility (CSR) Programs description', 'corporate-social-responsibility-csr-programs', '2025-04-02 23:59:52', '2025-04-02 23:59:52'),
(26, 3, 'Environmental Fines and Penalties', 'Environmental Fines and Penalties description', 'environmental-fines-and-penalties', '2025-04-02 23:59:52', '2025-04-02 23:59:52'),
(27, 3, 'Green Bonds and Environmental Impact Investments', 'Green Bonds and Environmental Impact Investments description', 'green-bonds-and-environmental-impact-investments', '2025-04-02 23:59:52', '2025-04-02 23:59:52');

-- --------------------------------------------------------

--
-- Table structure for table `permissions`
--

CREATE TABLE `permissions` (
  `id` bigint(20) UNSIGNED NOT NULL,
  `name` varchar(255) NOT NULL,
  `guard_name` varchar(255) NOT NULL,
  `created_at` timestamp NULL DEFAULT NULL,
  `updated_at` timestamp NULL DEFAULT NULL
) ENGINE=InnoDB DEFAULT CHARSET=utf8mb4 COLLATE=utf8mb4_unicode_ci;

--
-- Dumping data for table `permissions`
--

INSERT INTO `permissions` (`id`, `name`, `guard_name`, `created_at`, `updated_at`) VALUES
(1, 'view-generic', 'web', '2025-04-02 23:59:49', '2025-04-02 23:59:49'),
(2, 'create-generic', 'web', '2025-04-02 23:59:49', '2025-04-02 23:59:49'),
(3, 'read-generic', 'web', '2025-04-02 23:59:49', '2025-04-02 23:59:49'),
(4, 'update-generic', 'web', '2025-04-02 23:59:49', '2025-04-02 23:59:49'),
(5, 'delete-generic', 'web', '2025-04-02 23:59:49', '2025-04-02 23:59:49'),
(6, 'view-wildlife', 'web', '2025-04-02 23:59:49', '2025-04-02 23:59:49'),
(7, 'create-wildlife', 'web', '2025-04-02 23:59:49', '2025-04-02 23:59:49'),
(8, 'read-wildlife', 'web', '2025-04-02 23:59:49', '2025-04-02 23:59:49'),
(9, 'update-wildlife', 'web', '2025-04-02 23:59:49', '2025-04-02 23:59:49'),
(10, 'delete-wildlife', 'web', '2025-04-02 23:59:49', '2025-04-02 23:59:49'),
(11, 'view-population-estimate', 'web', '2025-04-02 23:59:49', '2025-04-02 23:59:49'),
(12, 'create-population-estimate', 'web', '2025-04-02 23:59:49', '2025-04-02 23:59:49'),
(13, 'read-population-estimate', 'web', '2025-04-02 23:59:49', '2025-04-02 23:59:49'),
(14, 'update-population-estimate', 'web', '2025-04-02 23:59:49', '2025-04-02 23:59:49'),
(15, 'delete-population-estimate', 'web', '2025-04-02 23:59:49', '2025-04-02 23:59:49'),
(16, 'view-quota-setting', 'web', '2025-04-02 23:59:49', '2025-04-02 23:59:49'),
(17, 'create-quota-setting', 'web', '2025-04-02 23:59:49', '2025-04-02 23:59:49'),
(18, 'read-quota-setting', 'web', '2025-04-02 23:59:49', '2025-04-02 23:59:49'),
(19, 'update-quota-setting', 'web', '2025-04-02 23:59:49', '2025-04-02 23:59:49'),
(20, 'delete-quota-setting', 'web', '2025-04-02 23:59:49', '2025-04-02 23:59:49'),
(21, 'view-hunting-concession', 'web', '2025-04-02 23:59:49', '2025-04-02 23:59:49'),
(22, 'create-hunting-concession', 'web', '2025-04-02 23:59:49', '2025-04-02 23:59:49'),
(23, 'read-hunting-concession', 'web', '2025-04-02 23:59:49', '2025-04-02 23:59:49'),
(24, 'update-hunting-concession', 'web', '2025-04-02 23:59:49', '2025-04-02 23:59:49'),
(25, 'delete-hunting-concession', 'web', '2025-04-02 23:59:49', '2025-04-02 23:59:49'),
(26, 'view-hunting-client', 'web', '2025-04-02 23:59:49', '2025-04-02 23:59:49'),
(27, 'create-hunting-client', 'web', '2025-04-02 23:59:49', '2025-04-02 23:59:49'),
(28, 'read-hunting-client', 'web', '2025-04-02 23:59:49', '2025-04-02 23:59:49'),
(29, 'update-hunting-client', 'web', '2025-04-02 23:59:49', '2025-04-02 23:59:49'),
(30, 'delete-hunting-client', 'web', '2025-04-02 23:59:49', '2025-04-02 23:59:49'),
(31, 'view-hunting-activity', 'web', '2025-04-02 23:59:49', '2025-04-02 23:59:49'),
(32, 'create-hunting-activity', 'web', '2025-04-02 23:59:49', '2025-04-02 23:59:49'),
(33, 'read-hunting-activity', 'web', '2025-04-02 23:59:49', '2025-04-02 23:59:49'),
(34, 'update-hunting-activity', 'web', '2025-04-02 23:59:49', '2025-04-02 23:59:49'),
(35, 'delete-hunting-activity', 'web', '2025-04-02 23:59:49', '2025-04-02 23:59:49'),
(36, 'view-human-wildlife-conflict', 'web', '2025-04-02 23:59:49', '2025-04-02 23:59:49'),
(37, 'create-human-wildlife-conflict', 'web', '2025-04-02 23:59:49', '2025-04-02 23:59:49'),
(38, 'read-human-wildlife-conflict', 'web', '2025-04-02 23:59:49', '2025-04-02 23:59:49'),
(39, 'update-human-wildlife-conflict', 'web', '2025-04-02 23:59:49', '2025-04-02 23:59:49'),
(40, 'delete-human-wildlife-conflict', 'web', '2025-04-02 23:59:49', '2025-04-02 23:59:49'),
(41, 'view-problematic-animal-control', 'web', '2025-04-02 23:59:49', '2025-04-02 23:59:49'),
(42, 'create-problematic-animal-control', 'web', '2025-04-02 23:59:49', '2025-04-02 23:59:49'),
(43, 'read-problematic-animal-control', 'web', '2025-04-02 23:59:49', '2025-04-02 23:59:49'),
(44, 'update-problematic-animal-control', 'web', '2025-04-02 23:59:49', '2025-04-02 23:59:49'),
(45, 'delete-problematic-animal-control', 'web', '2025-04-02 23:59:49', '2025-04-02 23:59:49'),
(46, 'view-poaching', 'web', '2025-04-02 23:59:49', '2025-04-02 23:59:49'),
(47, 'create-poaching', 'web', '2025-04-02 23:59:49', '2025-04-02 23:59:49'),
(48, 'read-poaching', 'web', '2025-04-02 23:59:49', '2025-04-02 23:59:49'),
(49, 'update-poaching', 'web', '2025-04-02 23:59:49', '2025-04-02 23:59:49'),
(50, 'delete-poaching', 'web', '2025-04-02 23:59:49', '2025-04-02 23:59:49'),
(51, 'view-child-organisation', 'web', '2025-04-02 23:59:49', '2025-04-02 23:59:49'),
(52, 'create-child-organisation', 'web', '2025-04-02 23:59:49', '2025-04-02 23:59:49'),
(53, 'read-child-organisation', 'web', '2025-04-02 23:59:49', '2025-04-02 23:59:49'),
(54, 'update-child-organisation', 'web', '2025-04-02 23:59:49', '2025-04-02 23:59:49'),
(55, 'delete-child-organisation', 'web', '2025-04-02 23:59:49', '2025-04-02 23:59:49'),
(56, 'view-organisation-user', 'web', '2025-04-02 23:59:49', '2025-04-02 23:59:49'),
(57, 'create-organisation-user', 'web', '2025-04-02 23:59:49', '2025-04-02 23:59:49'),
(58, 'read-organisation-user', 'web', '2025-04-02 23:59:49', '2025-04-02 23:59:49'),
(59, 'update-organisation-user', 'web', '2025-04-02 23:59:49', '2025-04-02 23:59:49'),
(60, 'delete-organisation-user', 'web', '2025-04-02 23:59:49', '2025-04-02 23:59:49'),
(61, 'view-revenue-sharing', 'web', '2025-04-02 23:59:49', '2025-04-02 23:59:49'),
(62, 'create-revenue-sharing', 'web', '2025-04-02 23:59:49', '2025-04-02 23:59:49'),
(63, 'read-revenue-sharing', 'web', '2025-04-02 23:59:49', '2025-04-02 23:59:49'),
(64, 'update-revenue-sharing', 'web', '2025-04-02 23:59:49', '2025-04-02 23:59:49'),
(65, 'delete-revenue-sharing', 'web', '2025-04-02 23:59:49', '2025-04-02 23:59:49'),
(66, 'view-finance', 'web', '2025-04-02 23:59:49', '2025-04-02 23:59:49'),
(67, 'create-finance', 'web', '2025-04-02 23:59:49', '2025-04-02 23:59:49'),
(68, 'read-finance', 'web', '2025-04-02 23:59:49', '2025-04-02 23:59:49'),
(69, 'update-finance', 'web', '2025-04-02 23:59:49', '2025-04-02 23:59:49'),
(70, 'delete-finance', 'web', '2025-04-02 23:59:49', '2025-04-02 23:59:49');

-- --------------------------------------------------------

--
-- Table structure for table `poachers`
--

CREATE TABLE `poachers` (
  `id` bigint(20) UNSIGNED NOT NULL,
  `poaching_incident_id` bigint(20) UNSIGNED NOT NULL,
  `first_name` varchar(255) NOT NULL,
  `last_name` varchar(255) NOT NULL,
  `middle_name` varchar(255) DEFAULT NULL,
  `age` int(11) DEFAULT NULL,
  `status` enum('suspected','arrested','bailed','sentenced','released') DEFAULT NULL,
  `country_id` bigint(20) UNSIGNED DEFAULT NULL,
  `province_id` bigint(20) UNSIGNED DEFAULT NULL,
  `city_id` bigint(20) UNSIGNED DEFAULT NULL,
  `offence_type_id` bigint(20) UNSIGNED DEFAULT NULL,
  `poacher_type_id` bigint(20) UNSIGNED DEFAULT NULL,
  `poaching_reason_id` bigint(20) UNSIGNED DEFAULT NULL,
  `created_at` timestamp NULL DEFAULT NULL,
  `updated_at` timestamp NULL DEFAULT NULL
) ENGINE=InnoDB DEFAULT CHARSET=utf8mb4 COLLATE=utf8mb4_unicode_ci;

-- --------------------------------------------------------

--
-- Table structure for table `poachers_records`
--

CREATE TABLE `poachers_records` (
  `id` bigint(20) UNSIGNED NOT NULL,
  `organisation_id` bigint(20) UNSIGNED NOT NULL,
  `species_id` bigint(20) UNSIGNED NOT NULL,
  `arrested` int(11) NOT NULL DEFAULT 0,
  `bailed` int(11) NOT NULL DEFAULT 0,
  `sentenced` int(11) NOT NULL DEFAULT 0,
  `period` year(4) NOT NULL,
  `notes` text DEFAULT NULL,
  `created_at` timestamp NULL DEFAULT NULL,
  `updated_at` timestamp NULL DEFAULT NULL
) ENGINE=InnoDB DEFAULT CHARSET=utf8mb4 COLLATE=utf8mb4_unicode_ci;

-- --------------------------------------------------------

--
-- Table structure for table `poacher_types`
--

CREATE TABLE `poacher_types` (
  `id` bigint(20) UNSIGNED NOT NULL,
  `name` varchar(255) NOT NULL,
  `slug` varchar(255) DEFAULT NULL,
  `created_at` timestamp NULL DEFAULT NULL,
  `updated_at` timestamp NULL DEFAULT NULL
) ENGINE=InnoDB DEFAULT CHARSET=utf8mb4 COLLATE=utf8mb4_unicode_ci;

--
-- Dumping data for table `poacher_types`
--

INSERT INTO `poacher_types` (`id`, `name`, `slug`, `created_at`, `updated_at`) VALUES
(1, 'Poacher', 'poacher', '2025-04-02 23:59:52', '2025-04-02 23:59:52'),
(2, 'Hunter', 'hunter', '2025-04-02 23:59:52', '2025-04-02 23:59:52'),
(3, 'Herder', 'herder', '2025-04-02 23:59:52', '2025-04-02 23:59:52'),
(4, 'Farmer', 'farmer', '2025-04-02 23:59:52', '2025-04-02 23:59:52'),
(5, 'Tourist', 'tourist', '2025-04-02 23:59:52', '2025-04-02 23:59:52'),
(6, 'Other', 'other', '2025-04-02 23:59:52', '2025-04-02 23:59:52');

-- --------------------------------------------------------

--
-- Table structure for table `poaching_incidents`
--

CREATE TABLE `poaching_incidents` (
  `id` bigint(20) UNSIGNED NOT NULL,
  `organisation_id` bigint(20) UNSIGNED NOT NULL,
  `title` varchar(255) NOT NULL,
  `location` text DEFAULT NULL,
  `longitude` decimal(10,7) DEFAULT NULL,
  `docket_number` varchar(255) DEFAULT NULL,
  `docket_status` enum('open','under investigation','closed','pending court','convicted') DEFAULT NULL,
  `latitude` decimal(10,7) DEFAULT NULL,
  `period` int(11) NOT NULL,
  `date` date NOT NULL,
  `time` time NOT NULL,
  `created_at` timestamp NULL DEFAULT NULL,
  `updated_at` timestamp NULL DEFAULT NULL
) ENGINE=InnoDB DEFAULT CHARSET=utf8mb4 COLLATE=utf8mb4_unicode_ci;

-- --------------------------------------------------------

--
-- Table structure for table `poaching_incident_methods`
--

CREATE TABLE `poaching_incident_methods` (
  `id` bigint(20) UNSIGNED NOT NULL,
  `poaching_incident_id` bigint(20) UNSIGNED NOT NULL,
  `poaching_method_id` bigint(20) UNSIGNED NOT NULL,
  `created_at` timestamp NULL DEFAULT NULL,
  `updated_at` timestamp NULL DEFAULT NULL
) ENGINE=InnoDB DEFAULT CHARSET=utf8mb4 COLLATE=utf8mb4_unicode_ci;

-- --------------------------------------------------------

--
-- Table structure for table `poaching_incident_species`
--

CREATE TABLE `poaching_incident_species` (
  `id` bigint(20) UNSIGNED NOT NULL,
  `poaching_incident_id` bigint(20) UNSIGNED NOT NULL,
  `species_id` bigint(20) UNSIGNED NOT NULL,
  `estimate_number` int(11) DEFAULT NULL,
  `created_at` timestamp NULL DEFAULT NULL,
  `updated_at` timestamp NULL DEFAULT NULL
) ENGINE=InnoDB DEFAULT CHARSET=utf8mb4 COLLATE=utf8mb4_unicode_ci;

-- --------------------------------------------------------

--
-- Table structure for table `poaching_methods`
--

CREATE TABLE `poaching_methods` (
  `id` bigint(20) UNSIGNED NOT NULL,
  `name` varchar(255) NOT NULL,
  `slug` varchar(255) DEFAULT NULL,
  `created_at` timestamp NULL DEFAULT NULL,
  `updated_at` timestamp NULL DEFAULT NULL
) ENGINE=InnoDB DEFAULT CHARSET=utf8mb4 COLLATE=utf8mb4_unicode_ci;

--
-- Dumping data for table `poaching_methods`
--

INSERT INTO `poaching_methods` (`id`, `name`, `slug`, `created_at`, `updated_at`) VALUES
(1, 'Snares', 'snares', '2025-04-02 23:59:52', '2025-04-02 23:59:52'),
(2, 'Axes', 'axes', '2025-04-02 23:59:52', '2025-04-02 23:59:52'),
(3, 'Fire arms', 'fire-arms', '2025-04-02 23:59:52', '2025-04-02 23:59:52'),
(4, 'Poisons', 'poisons', '2025-04-02 23:59:52', '2025-04-02 23:59:52'),
(5, 'Bow and arrows', 'bow-and-arrows', '2025-04-02 23:59:52', '2025-04-02 23:59:52'),
(6, 'Dogs', 'dogs', '2025-04-02 23:59:52', '2025-04-02 23:59:52'),
(7, 'Gin traps', 'gin-traps', '2025-04-02 23:59:52', '2025-04-02 23:59:52'),
(8, 'Pit trap', 'pit-trap', '2025-04-02 23:59:52', '2025-04-02 23:59:52'),
(9, 'Spears', 'spears', '2025-04-02 23:59:52', '2025-04-02 23:59:52');

-- --------------------------------------------------------

--
-- Table structure for table `poaching_reasons`
--

CREATE TABLE `poaching_reasons` (
  `id` bigint(20) UNSIGNED NOT NULL,
  `name` varchar(255) NOT NULL,
  `slug` varchar(255) DEFAULT NULL,
  `created_at` timestamp NULL DEFAULT NULL,
  `updated_at` timestamp NULL DEFAULT NULL
) ENGINE=InnoDB DEFAULT CHARSET=utf8mb4 COLLATE=utf8mb4_unicode_ci;

--
-- Dumping data for table `poaching_reasons`
--

INSERT INTO `poaching_reasons` (`id`, `name`, `slug`, `created_at`, `updated_at`) VALUES
(1, 'Subsistence', 'subsistence', '2025-04-02 23:59:52', '2025-04-02 23:59:52'),
(2, 'Commercial', 'commercial', '2025-04-02 23:59:52', '2025-04-02 23:59:52');

-- --------------------------------------------------------

--
-- Table structure for table `poaching_records`
--

CREATE TABLE `poaching_records` (
  `id` bigint(20) UNSIGNED NOT NULL,
  `organisation_id` bigint(20) UNSIGNED NOT NULL,
  `species_id` bigint(20) UNSIGNED NOT NULL,
  `poaching_method_id` bigint(20) UNSIGNED NOT NULL,
  `number` int(11) NOT NULL DEFAULT 0,
  `period` year(4) NOT NULL,
  `location` varchar(255) DEFAULT NULL,
  `notes` text DEFAULT NULL,
  `created_at` timestamp NULL DEFAULT NULL,
  `updated_at` timestamp NULL DEFAULT NULL
) ENGINE=InnoDB DEFAULT CHARSET=utf8mb4 COLLATE=utf8mb4_unicode_ci;

-- --------------------------------------------------------

--
-- Table structure for table `problem_animal_controls`
--

CREATE TABLE `problem_animal_controls` (
  `id` bigint(20) UNSIGNED NOT NULL,
  `organisation_id` bigint(20) UNSIGNED NOT NULL,
  `wildlife_conflict_incident_id` bigint(20) UNSIGNED NOT NULL,
  `control_date` date NOT NULL,
  `control_time` time DEFAULT NULL,
  `period` int(11) NOT NULL COMMENT 'Year',
  `location` varchar(255) NOT NULL,
  `description` text DEFAULT NULL,
  `latitude` decimal(10,7) DEFAULT NULL,
  `longitude` decimal(10,7) DEFAULT NULL,
  `estimated_number` int(11) NOT NULL DEFAULT 1,
  `created_at` timestamp NULL DEFAULT NULL,
  `updated_at` timestamp NULL DEFAULT NULL
) ENGINE=InnoDB DEFAULT CHARSET=utf8mb4 COLLATE=utf8mb4_unicode_ci;

-- --------------------------------------------------------

--
-- Table structure for table `provinces`
--

CREATE TABLE `provinces` (
  `id` bigint(20) UNSIGNED NOT NULL,
  `name` varchar(255) NOT NULL,
  `slug` varchar(255) DEFAULT NULL,
  `created_at` timestamp NULL DEFAULT NULL,
  `updated_at` timestamp NULL DEFAULT NULL
) ENGINE=InnoDB DEFAULT CHARSET=utf8mb4 COLLATE=utf8mb4_unicode_ci;

--
-- Dumping data for table `provinces`
--

INSERT INTO `provinces` (`id`, `name`, `slug`, `created_at`, `updated_at`) VALUES
(1, 'Bulawayo', 'bulawayo', '2025-04-02 23:59:52', '2025-04-02 23:59:52'),
(2, 'Harare', 'harare', '2025-04-02 23:59:52', '2025-04-02 23:59:52'),
(3, 'Manicaland', 'manicaland', '2025-04-02 23:59:52', '2025-04-02 23:59:52'),
(4, 'Mashonaland Central', 'mashonaland-central', '2025-04-02 23:59:52', '2025-04-02 23:59:52'),
(5, 'Mashonaland East', 'mashonaland-east', '2025-04-02 23:59:52', '2025-04-02 23:59:52'),
(6, 'Mashonaland West', 'mashonaland-west', '2025-04-02 23:59:52', '2025-04-02 23:59:52'),
(7, 'Masvingo', 'masvingo', '2025-04-02 23:59:52', '2025-04-02 23:59:52'),
(8, 'Matebeleland North', 'matebeleland-north', '2025-04-02 23:59:52', '2025-04-02 23:59:52'),
(9, 'Matebeleland South', 'matebeleland-south', '2025-04-02 23:59:52', '2025-04-02 23:59:52'),
(10, 'Midlands', 'midlands', '2025-04-02 23:59:52', '2025-04-02 23:59:52');

-- --------------------------------------------------------

--
-- Table structure for table `quota_allocations`
--

CREATE TABLE `quota_allocations` (
  `id` bigint(20) UNSIGNED NOT NULL,
  `organisation_id` bigint(20) UNSIGNED NOT NULL,
  `species_id` bigint(20) UNSIGNED NOT NULL,
  `hunting_quota` int(11) NOT NULL DEFAULT 0,
  `rational_killing_quota` int(11) NOT NULL DEFAULT 0,
  `period` varchar(255) DEFAULT NULL,
  `start_date` date NOT NULL,
  `end_date` date NOT NULL,
  `notes` text DEFAULT NULL,
  `created_at` timestamp NULL DEFAULT NULL,
  `updated_at` timestamp NULL DEFAULT NULL,
  `deleted_at` timestamp NULL DEFAULT NULL
) ENGINE=InnoDB DEFAULT CHARSET=utf8mb4 COLLATE=utf8mb4_unicode_ci;

-- --------------------------------------------------------

--
-- Table structure for table `quota_allocation_balances`
--

CREATE TABLE `quota_allocation_balances` (
  `id` bigint(20) UNSIGNED NOT NULL,
  `quota_allocation_id` bigint(20) UNSIGNED NOT NULL,
  `total_off_take` int(11) NOT NULL DEFAULT 0,
  `remaining_quota` int(11) NOT NULL DEFAULT 0,
  `created_at` timestamp NULL DEFAULT NULL,
  `updated_at` timestamp NULL DEFAULT NULL
) ENGINE=InnoDB DEFAULT CHARSET=utf8mb4 COLLATE=utf8mb4_unicode_ci;

-- --------------------------------------------------------

--
-- Table structure for table `roles`
--

CREATE TABLE `roles` (
  `id` bigint(20) UNSIGNED NOT NULL,
  `organisation_id` bigint(20) UNSIGNED DEFAULT NULL,
  `name` varchar(255) NOT NULL,
  `guard_name` varchar(255) NOT NULL,
  `created_at` timestamp NULL DEFAULT NULL,
  `updated_at` timestamp NULL DEFAULT NULL
) ENGINE=InnoDB DEFAULT CHARSET=utf8mb4 COLLATE=utf8mb4_unicode_ci;

--
-- Dumping data for table `roles`
--

INSERT INTO `roles` (`id`, `organisation_id`, `name`, `guard_name`, `created_at`, `updated_at`) VALUES
(1, 1, 'admin', 'web', '2025-04-02 23:59:49', '2025-04-02 23:59:49'),
(2, 2, 'admin', 'web', '2025-04-02 23:59:49', '2025-04-02 23:59:49'),
(3, 3, 'admin', 'web', '2025-04-02 23:59:49', '2025-04-02 23:59:49'),
(4, 4, 'admin', 'web', '2025-04-02 23:59:49', '2025-04-02 23:59:49'),
(5, 5, 'admin', 'web', '2025-04-02 23:59:49', '2025-04-02 23:59:49'),
(6, 6, 'admin', 'web', '2025-04-02 23:59:49', '2025-04-02 23:59:49'),
(7, 7, 'admin', 'web', '2025-04-02 23:59:49', '2025-04-02 23:59:49'),
(8, 8, 'admin', 'web', '2025-04-02 23:59:49', '2025-04-02 23:59:49'),
(9, 9, 'admin', 'web', '2025-04-02 23:59:49', '2025-04-02 23:59:49'),
(10, 10, 'admin', 'web', '2025-04-02 23:59:49', '2025-04-02 23:59:49'),
(11, 11, 'admin', 'web', '2025-04-02 23:59:49', '2025-04-02 23:59:49'),
(12, 12, 'admin', 'web', '2025-04-02 23:59:49', '2025-04-02 23:59:49'),
(13, 13, 'admin', 'web', '2025-04-02 23:59:49', '2025-04-02 23:59:49'),
(14, 14, 'admin', 'web', '2025-04-02 23:59:49', '2025-04-02 23:59:49'),
(15, 15, 'admin', 'web', '2025-04-02 23:59:50', '2025-04-02 23:59:50'),
(16, 16, 'admin', 'web', '2025-04-02 23:59:50', '2025-04-02 23:59:50'),
(17, 17, 'admin', 'web', '2025-04-02 23:59:50', '2025-04-02 23:59:50'),
(18, 18, 'admin', 'web', '2025-04-02 23:59:50', '2025-04-02 23:59:50'),
(19, 19, 'admin', 'web', '2025-04-02 23:59:50', '2025-04-02 23:59:50'),
(20, 20, 'admin', 'web', '2025-04-02 23:59:50', '2025-04-02 23:59:50'),
(21, 21, 'admin', 'web', '2025-04-02 23:59:50', '2025-04-02 23:59:50'),
(22, 22, 'admin', 'web', '2025-04-02 23:59:50', '2025-04-02 23:59:50'),
(23, 23, 'admin', 'web', '2025-04-02 23:59:50', '2025-04-02 23:59:50'),
(24, 24, 'admin', 'web', '2025-04-02 23:59:50', '2025-04-02 23:59:50'),
(25, 25, 'admin', 'web', '2025-04-02 23:59:50', '2025-04-02 23:59:50'),
(26, 26, 'admin', 'web', '2025-04-02 23:59:50', '2025-04-02 23:59:50'),
(27, 27, 'admin', 'web', '2025-04-02 23:59:50', '2025-04-02 23:59:50'),
(28, 28, 'admin', 'web', '2025-04-02 23:59:50', '2025-04-02 23:59:50'),
(29, 29, 'admin', 'web', '2025-04-02 23:59:50', '2025-04-02 23:59:50'),
(30, 30, 'admin', 'web', '2025-04-02 23:59:50', '2025-04-02 23:59:50'),
(31, 31, 'admin', 'web', '2025-04-02 23:59:50', '2025-04-02 23:59:50'),
(32, 32, 'admin', 'web', '2025-04-02 23:59:51', '2025-04-02 23:59:51'),
(33, 33, 'admin', 'web', '2025-04-02 23:59:51', '2025-04-02 23:59:51'),
(34, 34, 'admin', 'web', '2025-04-02 23:59:51', '2025-04-02 23:59:51'),
(35, 35, 'admin', 'web', '2025-04-02 23:59:51', '2025-04-02 23:59:51'),
(36, 36, 'admin', 'web', '2025-04-02 23:59:51', '2025-04-02 23:59:51'),
(37, 37, 'admin', 'web', '2025-04-02 23:59:51', '2025-04-02 23:59:51'),
(38, 38, 'admin', 'web', '2025-04-02 23:59:51', '2025-04-02 23:59:51'),
(39, 39, 'admin', 'web', '2025-04-02 23:59:51', '2025-04-02 23:59:51'),
(40, 40, 'admin', 'web', '2025-04-02 23:59:51', '2025-04-02 23:59:51'),
(41, 41, 'admin', 'web', '2025-04-02 23:59:51', '2025-04-02 23:59:51'),
(42, 42, 'admin', 'web', '2025-04-02 23:59:51', '2025-04-02 23:59:51'),
(43, 43, 'admin', 'web', '2025-04-02 23:59:51', '2025-04-02 23:59:51'),
(44, 44, 'admin', 'web', '2025-04-02 23:59:51', '2025-04-02 23:59:51'),
(45, 45, 'admin', 'web', '2025-04-02 23:59:52', '2025-04-02 23:59:52'),
(46, 46, 'admin', 'web', '2025-04-02 23:59:52', '2025-04-02 23:59:52'),
(47, 47, 'admin', 'web', '2025-04-02 23:59:52', '2025-04-02 23:59:52'),
(48, 4, 'super-admin', 'web', '2025-04-02 23:59:53', '2025-04-02 23:59:53');

-- --------------------------------------------------------

--
-- Table structure for table `role_has_permissions`
--

CREATE TABLE `role_has_permissions` (
  `permission_id` bigint(20) UNSIGNED NOT NULL,
  `role_id` bigint(20) UNSIGNED NOT NULL
) ENGINE=InnoDB DEFAULT CHARSET=utf8mb4 COLLATE=utf8mb4_unicode_ci;

--
-- Dumping data for table `role_has_permissions`
--

INSERT INTO `role_has_permissions` (`permission_id`, `role_id`) VALUES
(1, 2),
(1, 3),
(1, 4),
(1, 22),
(1, 48),
(2, 2),
(2, 3),
(2, 4),
(2, 22),
(2, 48),
(3, 2),
(3, 3),
(3, 4),
(3, 22),
(3, 48),
(4, 2),
(4, 3),
(4, 4),
(4, 22),
(4, 48),
(5, 2),
(5, 3),
(5, 4),
(5, 22),
(5, 48),
(6, 1),
(6, 2),
(6, 3),
(6, 4),
(6, 5),
(6, 6),
(6, 7),
(6, 8),
(6, 9),
(6, 10),
(6, 11),
(6, 12),
(6, 13),
(6, 14),
(6, 15),
(6, 16),
(6, 17),
(6, 18),
(6, 19),
(6, 20),
(6, 21),
(6, 22),
(6, 23),
(6, 24),
(6, 25),
(6, 26),
(6, 27),
(6, 28),
(6, 29),
(6, 30),
(6, 31),
(6, 32),
(6, 33),
(6, 34),
(6, 35),
(6, 36),
(6, 37),
(6, 38),
(6, 39),
(6, 40),
(6, 41),
(6, 42),
(6, 43),
(6, 44),
(6, 45),
(6, 46),
(6, 47),
(6, 48),
(7, 1),
(7, 2),
(7, 3),
(7, 4),
(7, 5),
(7, 6),
(7, 7),
(7, 8),
(7, 9),
(7, 10),
(7, 11),
(7, 12),
(7, 13),
(7, 14),
(7, 15),
(7, 16),
(7, 17),
(7, 18),
(7, 19),
(7, 20),
(7, 21),
(7, 22),
(7, 23),
(7, 24),
(7, 25),
(7, 26),
(7, 27),
(7, 28),
(7, 29),
(7, 30),
(7, 31),
(7, 32),
(7, 33),
(7, 34),
(7, 35),
(7, 36),
(7, 37),
(7, 38),
(7, 39),
(7, 40),
(7, 41),
(7, 42),
(7, 43),
(7, 44),
(7, 45),
(7, 46),
(7, 47),
(7, 48),
(8, 1),
(8, 2),
(8, 3),
(8, 4),
(8, 5),
(8, 6),
(8, 7),
(8, 8),
(8, 9),
(8, 10),
(8, 11),
(8, 12),
(8, 13),
(8, 14),
(8, 15),
(8, 16),
(8, 17),
(8, 18),
(8, 19),
(8, 20),
(8, 21),
(8, 22),
(8, 23),
(8, 24),
(8, 25),
(8, 26),
(8, 27),
(8, 28),
(8, 29),
(8, 30),
(8, 31),
(8, 32),
(8, 33),
(8, 34),
(8, 35),
(8, 36),
(8, 37),
(8, 38),
(8, 39),
(8, 40),
(8, 41),
(8, 42),
(8, 43),
(8, 44),
(8, 45),
(8, 46),
(8, 47),
(8, 48),
(9, 1),
(9, 2),
(9, 3),
(9, 4),
(9, 5),
(9, 6),
(9, 7),
(9, 8),
(9, 9),
(9, 10),
(9, 11),
(9, 12),
(9, 13),
(9, 14),
(9, 15),
(9, 16),
(9, 17),
(9, 18),
(9, 19),
(9, 20),
(9, 21),
(9, 22),
(9, 23),
(9, 24),
(9, 25),
(9, 26),
(9, 27),
(9, 28),
(9, 29),
(9, 30),
(9, 31),
(9, 32),
(9, 33),
(9, 34),
(9, 35),
(9, 36),
(9, 37),
(9, 38),
(9, 39),
(9, 40),
(9, 41),
(9, 42),
(9, 43),
(9, 44),
(9, 45),
(9, 46),
(9, 47),
(9, 48),
(10, 1),
(10, 2),
(10, 3),
(10, 4),
(10, 5),
(10, 6),
(10, 7),
(10, 8),
(10, 9),
(10, 10),
(10, 11),
(10, 12),
(10, 13),
(10, 14),
(10, 15),
(10, 16),
(10, 17),
(10, 18),
(10, 19),
(10, 20),
(10, 21),
(10, 22),
(10, 23),
(10, 24),
(10, 25),
(10, 26),
(10, 27),
(10, 28),
(10, 29),
(10, 30),
(10, 31),
(10, 32),
(10, 33),
(10, 34),
(10, 35),
(10, 36),
(10, 37),
(10, 38),
(10, 39),
(10, 40),
(10, 41),
(10, 42),
(10, 43),
(10, 44),
(10, 45),
(10, 46),
(10, 47),
(10, 48),
(11, 1),
(11, 2),
(11, 3),
(11, 4),
(11, 5),
(11, 6),
(11, 7),
(11, 8),
(11, 9),
(11, 10),
(11, 11),
(11, 12),
(11, 13),
(11, 14),
(11, 15),
(11, 16),
(11, 17),
(11, 18),
(11, 19),
(11, 20),
(11, 21),
(11, 22),
(11, 23),
(11, 24),
(11, 25),
(11, 26),
(11, 27),
(11, 28),
(11, 29),
(11, 30),
(11, 31),
(11, 32),
(11, 33),
(11, 34),
(11, 35),
(11, 36),
(11, 37),
(11, 38),
(11, 39),
(11, 40),
(11, 41),
(11, 42),
(11, 43),
(11, 44),
(11, 45),
(11, 46),
(11, 47),
(11, 48),
(12, 1),
(12, 2),
(12, 3),
(12, 4),
(12, 5),
(12, 6),
(12, 7),
(12, 8),
(12, 9),
(12, 10),
(12, 11),
(12, 12),
(12, 13),
(12, 14),
(12, 15),
(12, 16),
(12, 17),
(12, 18),
(12, 19),
(12, 20),
(12, 21),
(12, 22),
(12, 23),
(12, 24),
(12, 25),
(12, 26),
(12, 27),
(12, 28),
(12, 29),
(12, 30),
(12, 31),
(12, 32),
(12, 33),
(12, 34),
(12, 35),
(12, 36),
(12, 37),
(12, 38),
(12, 39),
(12, 40),
(12, 41),
(12, 42),
(12, 43),
(12, 44),
(12, 45),
(12, 46),
(12, 47),
(12, 48),
(13, 1),
(13, 2),
(13, 3),
(13, 4),
(13, 5),
(13, 6),
(13, 7),
(13, 8),
(13, 9),
(13, 10),
(13, 11),
(13, 12),
(13, 13),
(13, 14),
(13, 15),
(13, 16),
(13, 17),
(13, 18),
(13, 19),
(13, 20),
(13, 21),
(13, 22),
(13, 23),
(13, 24),
(13, 25),
(13, 26),
(13, 27),
(13, 28),
(13, 29),
(13, 30),
(13, 31),
(13, 32),
(13, 33),
(13, 34),
(13, 35),
(13, 36),
(13, 37),
(13, 38),
(13, 39),
(13, 40),
(13, 41),
(13, 42),
(13, 43),
(13, 44),
(13, 45),
(13, 46),
(13, 47),
(13, 48),
(14, 1),
(14, 2),
(14, 3),
(14, 4),
(14, 5),
(14, 6),
(14, 7),
(14, 8),
(14, 9),
(14, 10),
(14, 11),
(14, 12),
(14, 13),
(14, 14),
(14, 15),
(14, 16),
(14, 17),
(14, 18),
(14, 19),
(14, 20),
(14, 21),
(14, 22),
(14, 23),
(14, 24),
(14, 25),
(14, 26),
(14, 27),
(14, 28),
(14, 29),
(14, 30),
(14, 31),
(14, 32),
(14, 33),
(14, 34),
(14, 35),
(14, 36),
(14, 37),
(14, 38),
(14, 39),
(14, 40),
(14, 41),
(14, 42),
(14, 43),
(14, 44),
(14, 45),
(14, 46),
(14, 47),
(14, 48),
(15, 1),
(15, 2),
(15, 3),
(15, 4),
(15, 5),
(15, 6),
(15, 7),
(15, 8),
(15, 9),
(15, 10),
(15, 11),
(15, 12),
(15, 13),
(15, 14),
(15, 15),
(15, 16),
(15, 17),
(15, 18),
(15, 19),
(15, 20),
(15, 21),
(15, 22),
(15, 23),
(15, 24),
(15, 25),
(15, 26),
(15, 27),
(15, 28),
(15, 29),
(15, 30),
(15, 31),
(15, 32),
(15, 33),
(15, 34),
(15, 35),
(15, 36),
(15, 37),
(15, 38),
(15, 39),
(15, 40),
(15, 41),
(15, 42),
(15, 43),
(15, 44),
(15, 45),
(15, 46),
(15, 47),
(15, 48),
(16, 1),
(16, 2),
(16, 3),
(16, 4),
(16, 5),
(16, 6),
(16, 7),
(16, 8),
(16, 9),
(16, 10),
(16, 11),
(16, 12),
(16, 13),
(16, 14),
(16, 15),
(16, 16),
(16, 17),
(16, 18),
(16, 19),
(16, 20),
(16, 21),
(16, 22),
(16, 23),
(16, 24),
(16, 25),
(16, 26),
(16, 27),
(16, 28),
(16, 29),
(16, 30),
(16, 31),
(16, 32),
(16, 33),
(16, 34),
(16, 35),
(16, 36),
(16, 37),
(16, 38),
(16, 39),
(16, 40),
(16, 41),
(16, 42),
(16, 43),
(16, 44),
(16, 45),
(16, 46),
(16, 47),
(16, 48),
(17, 1),
(17, 2),
(17, 3),
(17, 4),
(17, 5),
(17, 6),
(17, 7),
(17, 8),
(17, 9),
(17, 10),
(17, 11),
(17, 12),
(17, 13),
(17, 14),
(17, 15),
(17, 16),
(17, 17),
(17, 18),
(17, 19),
(17, 20),
(17, 21),
(17, 22),
(17, 23),
(17, 24),
(17, 25),
(17, 26),
(17, 27),
(17, 28),
(17, 29),
(17, 30),
(17, 31),
(17, 32),
(17, 33),
(17, 34),
(17, 35),
(17, 36),
(17, 37),
(17, 38),
(17, 39),
(17, 40),
(17, 41),
(17, 42),
(17, 43),
(17, 44),
(17, 45),
(17, 46),
(17, 47),
(17, 48),
(18, 1),
(18, 2),
(18, 3),
(18, 4),
(18, 5),
(18, 6),
(18, 7),
(18, 8),
(18, 9),
(18, 10),
(18, 11),
(18, 12),
(18, 13),
(18, 14),
(18, 15),
(18, 16),
(18, 17),
(18, 18),
(18, 19),
(18, 20),
(18, 21),
(18, 22),
(18, 23),
(18, 24),
(18, 25),
(18, 26),
(18, 27),
(18, 28),
(18, 29),
(18, 30),
(18, 31),
(18, 32),
(18, 33),
(18, 34),
(18, 35),
(18, 36),
(18, 37),
(18, 38),
(18, 39),
(18, 40),
(18, 41),
(18, 42),
(18, 43),
(18, 44),
(18, 45),
(18, 46),
(18, 47),
(18, 48),
(19, 1),
(19, 2),
(19, 3),
(19, 4),
(19, 5),
(19, 6),
(19, 7),
(19, 8),
(19, 9),
(19, 10),
(19, 11),
(19, 12),
(19, 13),
(19, 14),
(19, 15),
(19, 16),
(19, 17),
(19, 18),
(19, 19),
(19, 20),
(19, 21),
(19, 22),
(19, 23),
(19, 24),
(19, 25),
(19, 26),
(19, 27),
(19, 28),
(19, 29),
(19, 30),
(19, 31),
(19, 32),
(19, 33),
(19, 34),
(19, 35),
(19, 36),
(19, 37),
(19, 38),
(19, 39),
(19, 40),
(19, 41),
(19, 42),
(19, 43),
(19, 44),
(19, 45),
(19, 46),
(19, 47),
(19, 48),
(20, 1),
(20, 2),
(20, 3),
(20, 4),
(20, 5),
(20, 6),
(20, 7),
(20, 8),
(20, 9),
(20, 10),
(20, 11),
(20, 12),
(20, 13),
(20, 14),
(20, 15),
(20, 16),
(20, 17),
(20, 18),
(20, 19),
(20, 20),
(20, 21),
(20, 22),
(20, 23),
(20, 24),
(20, 25),
(20, 26),
(20, 27),
(20, 28),
(20, 29),
(20, 30),
(20, 31),
(20, 32),
(20, 33),
(20, 34),
(20, 35),
(20, 36),
(20, 37),
(20, 38),
(20, 39),
(20, 40),
(20, 41),
(20, 42),
(20, 43),
(20, 44),
(20, 45),
(20, 46),
(20, 47),
(20, 48),
(21, 1),
(21, 2),
(21, 3),
(21, 4),
(21, 5),
(21, 6),
(21, 7),
(21, 8),
(21, 9),
(21, 10),
(21, 11),
(21, 12),
(21, 13),
(21, 14),
(21, 15),
(21, 16),
(21, 17),
(21, 18),
(21, 19),
(21, 20),
(21, 21),
(21, 22),
(21, 23),
(21, 24),
(21, 25),
(21, 26),
(21, 27),
(21, 28),
(21, 29),
(21, 30),
(21, 31),
(21, 32),
(21, 33),
(21, 34),
(21, 35),
(21, 36),
(21, 37),
(21, 38),
(21, 39),
(21, 40),
(21, 41),
(21, 42),
(21, 43),
(21, 44),
(21, 45),
(21, 46),
(21, 47),
(21, 48),
(22, 1),
(22, 2),
(22, 3),
(22, 4),
(22, 5),
(22, 6),
(22, 7),
(22, 8),
(22, 9),
(22, 10),
(22, 11),
(22, 12),
(22, 13),
(22, 14),
(22, 15),
(22, 16),
(22, 17),
(22, 18),
(22, 19),
(22, 20),
(22, 21),
(22, 22),
(22, 23),
(22, 24),
(22, 25),
(22, 26),
(22, 27),
(22, 28),
(22, 29),
(22, 30),
(22, 31),
(22, 32),
(22, 33),
(22, 34),
(22, 35),
(22, 36),
(22, 37),
(22, 38),
(22, 39),
(22, 40),
(22, 41),
(22, 42),
(22, 43),
(22, 44),
(22, 45),
(22, 46),
(22, 47),
(22, 48),
(23, 1),
(23, 2),
(23, 3),
(23, 4),
(23, 5),
(23, 6),
(23, 7),
(23, 8),
(23, 9),
(23, 10),
(23, 11),
(23, 12),
(23, 13),
(23, 14),
(23, 15),
(23, 16),
(23, 17),
(23, 18),
(23, 19),
(23, 20),
(23, 21),
(23, 22),
(23, 23),
(23, 24),
(23, 25),
(23, 26),
(23, 27),
(23, 28),
(23, 29),
(23, 30),
(23, 31),
(23, 32),
(23, 33),
(23, 34),
(23, 35),
(23, 36),
(23, 37),
(23, 38),
(23, 39),
(23, 40),
(23, 41),
(23, 42),
(23, 43),
(23, 44),
(23, 45),
(23, 46),
(23, 47),
(23, 48),
(24, 1),
(24, 2),
(24, 3),
(24, 4),
(24, 5),
(24, 6),
(24, 7),
(24, 8),
(24, 9),
(24, 10),
(24, 11),
(24, 12),
(24, 13),
(24, 14),
(24, 15),
(24, 16),
(24, 17),
(24, 18),
(24, 19),
(24, 20),
(24, 21),
(24, 22),
(24, 23),
(24, 24),
(24, 25),
(24, 26),
(24, 27),
(24, 28),
(24, 29),
(24, 30),
(24, 31),
(24, 32),
(24, 33),
(24, 34),
(24, 35),
(24, 36),
(24, 37),
(24, 38),
(24, 39),
(24, 40),
(24, 41),
(24, 42),
(24, 43),
(24, 44),
(24, 45),
(24, 46),
(24, 47),
(24, 48),
(25, 1),
(25, 2),
(25, 3),
(25, 4),
(25, 5),
(25, 6),
(25, 7),
(25, 8),
(25, 9),
(25, 10),
(25, 11),
(25, 12),
(25, 13),
(25, 14),
(25, 15),
(25, 16),
(25, 17),
(25, 18),
(25, 19),
(25, 20),
(25, 21),
(25, 22),
(25, 23),
(25, 24),
(25, 25),
(25, 26),
(25, 27),
(25, 28),
(25, 29),
(25, 30),
(25, 31),
(25, 32),
(25, 33),
(25, 34),
(25, 35),
(25, 36),
(25, 37),
(25, 38),
(25, 39),
(25, 40),
(25, 41),
(25, 42),
(25, 43),
(25, 44),
(25, 45),
(25, 46),
(25, 47),
(25, 48),
(26, 1),
(26, 2),
(26, 3),
(26, 4),
(26, 5),
(26, 6),
(26, 7),
(26, 8),
(26, 9),
(26, 10),
(26, 11),
(26, 12),
(26, 13),
(26, 14),
(26, 15),
(26, 16),
(26, 17),
(26, 18),
(26, 19),
(26, 20),
(26, 21),
(26, 22),
(26, 23),
(26, 24),
(26, 25),
(26, 26),
(26, 27),
(26, 28),
(26, 29),
(26, 30),
(26, 31),
(26, 32),
(26, 33),
(26, 34),
(26, 35),
(26, 36),
(26, 37),
(26, 38),
(26, 39),
(26, 40),
(26, 41),
(26, 42),
(26, 43),
(26, 44),
(26, 45),
(26, 46),
(26, 47),
(26, 48),
(27, 1),
(27, 2),
(27, 3),
(27, 4),
(27, 5),
(27, 6),
(27, 7),
(27, 8),
(27, 9),
(27, 10),
(27, 11),
(27, 12),
(27, 13),
(27, 14),
(27, 15),
(27, 16),
(27, 17),
(27, 18),
(27, 19),
(27, 20),
(27, 21),
(27, 22),
(27, 23),
(27, 24),
(27, 25),
(27, 26),
(27, 27),
(27, 28),
(27, 29),
(27, 30),
(27, 31),
(27, 32),
(27, 33),
(27, 34),
(27, 35),
(27, 36),
(27, 37),
(27, 38),
(27, 39),
(27, 40),
(27, 41),
(27, 42),
(27, 43),
(27, 44),
(27, 45),
(27, 46),
(27, 47),
(27, 48),
(28, 1),
(28, 2),
(28, 3),
(28, 4),
(28, 5),
(28, 6),
(28, 7),
(28, 8),
(28, 9),
(28, 10),
(28, 11),
(28, 12),
(28, 13),
(28, 14),
(28, 15),
(28, 16),
(28, 17),
(28, 18),
(28, 19),
(28, 20),
(28, 21),
(28, 22),
(28, 23),
(28, 24),
(28, 25),
(28, 26),
(28, 27),
(28, 28),
(28, 29),
(28, 30),
(28, 31),
(28, 32),
(28, 33),
(28, 34),
(28, 35),
(28, 36),
(28, 37),
(28, 38),
(28, 39),
(28, 40),
(28, 41),
(28, 42),
(28, 43),
(28, 44),
(28, 45),
(28, 46),
(28, 47),
(28, 48),
(29, 1),
(29, 2),
(29, 3),
(29, 4),
(29, 5),
(29, 6),
(29, 7),
(29, 8),
(29, 9),
(29, 10),
(29, 11),
(29, 12),
(29, 13),
(29, 14),
(29, 15),
(29, 16),
(29, 17),
(29, 18),
(29, 19),
(29, 20),
(29, 21),
(29, 22),
(29, 23),
(29, 24),
(29, 25),
(29, 26),
(29, 27),
(29, 28),
(29, 29),
(29, 30),
(29, 31),
(29, 32),
(29, 33),
(29, 34),
(29, 35),
(29, 36),
(29, 37),
(29, 38),
(29, 39),
(29, 40),
(29, 41),
(29, 42),
(29, 43),
(29, 44),
(29, 45),
(29, 46),
(29, 47),
(29, 48),
(30, 1),
(30, 2),
(30, 3),
(30, 4),
(30, 5),
(30, 6),
(30, 7),
(30, 8),
(30, 9),
(30, 10),
(30, 11),
(30, 12),
(30, 13),
(30, 14),
(30, 15),
(30, 16),
(30, 17),
(30, 18),
(30, 19),
(30, 20),
(30, 21),
(30, 22),
(30, 23),
(30, 24),
(30, 25),
(30, 26),
(30, 27),
(30, 28),
(30, 29),
(30, 30),
(30, 31),
(30, 32),
(30, 33),
(30, 34),
(30, 35),
(30, 36),
(30, 37),
(30, 38),
(30, 39),
(30, 40),
(30, 41),
(30, 42),
(30, 43),
(30, 44),
(30, 45),
(30, 46),
(30, 47),
(30, 48),
(31, 1),
(31, 2),
(31, 3),
(31, 4),
(31, 5),
(31, 6),
(31, 7),
(31, 8),
(31, 9),
(31, 10),
(31, 11),
(31, 12),
(31, 13),
(31, 14),
(31, 15),
(31, 16),
(31, 17),
(31, 18),
(31, 19),
(31, 20),
(31, 21),
(31, 22),
(31, 23),
(31, 24),
(31, 25),
(31, 26),
(31, 27),
(31, 28),
(31, 29),
(31, 30),
(31, 31),
(31, 32),
(31, 33),
(31, 34),
(31, 35),
(31, 36),
(31, 37),
(31, 38),
(31, 39),
(31, 40),
(31, 41),
(31, 42),
(31, 43),
(31, 44),
(31, 45),
(31, 46),
(31, 47),
(31, 48),
(32, 1),
(32, 2),
(32, 3),
(32, 4),
(32, 5),
(32, 6),
(32, 7),
(32, 8),
(32, 9),
(32, 10),
(32, 11),
(32, 12),
(32, 13),
(32, 14),
(32, 15),
(32, 16),
(32, 17),
(32, 18),
(32, 19),
(32, 20),
(32, 21),
(32, 22),
(32, 23),
(32, 24),
(32, 25),
(32, 26),
(32, 27),
(32, 28),
(32, 29),
(32, 30),
(32, 31),
(32, 32),
(32, 33),
(32, 34),
(32, 35),
(32, 36),
(32, 37),
(32, 38),
(32, 39),
(32, 40),
(32, 41),
(32, 42),
(32, 43),
(32, 44),
(32, 45),
(32, 46),
(32, 47),
(32, 48),
(33, 1),
(33, 2),
(33, 3),
(33, 4),
(33, 5),
(33, 6),
(33, 7),
(33, 8),
(33, 9),
(33, 10),
(33, 11),
(33, 12),
(33, 13),
(33, 14),
(33, 15),
(33, 16),
(33, 17),
(33, 18),
(33, 19),
(33, 20),
(33, 21),
(33, 22),
(33, 23),
(33, 24),
(33, 25),
(33, 26),
(33, 27),
(33, 28),
(33, 29),
(33, 30),
(33, 31),
(33, 32),
(33, 33),
(33, 34),
(33, 35),
(33, 36),
(33, 37),
(33, 38),
(33, 39),
(33, 40),
(33, 41),
(33, 42),
(33, 43),
(33, 44),
(33, 45),
(33, 46),
(33, 47),
(33, 48),
(34, 1),
(34, 2),
(34, 3),
(34, 4),
(34, 5),
(34, 6),
(34, 7),
(34, 8),
(34, 9),
(34, 10),
(34, 11),
(34, 12),
(34, 13),
(34, 14),
(34, 15),
(34, 16),
(34, 17),
(34, 18),
(34, 19),
(34, 20),
(34, 21),
(34, 22),
(34, 23),
(34, 24),
(34, 25),
(34, 26),
(34, 27),
(34, 28),
(34, 29),
(34, 30),
(34, 31),
(34, 32),
(34, 33),
(34, 34),
(34, 35),
(34, 36),
(34, 37),
(34, 38),
(34, 39),
(34, 40),
(34, 41),
(34, 42),
(34, 43),
(34, 44),
(34, 45),
(34, 46),
(34, 47),
(34, 48),
(35, 1),
(35, 2),
(35, 3),
(35, 4),
(35, 5),
(35, 6),
(35, 7),
(35, 8),
(35, 9),
(35, 10),
(35, 11),
(35, 12),
(35, 13),
(35, 14),
(35, 15),
(35, 16),
(35, 17),
(35, 18),
(35, 19),
(35, 20),
(35, 21),
(35, 22),
(35, 23),
(35, 24),
(35, 25),
(35, 26),
(35, 27),
(35, 28),
(35, 29),
(35, 30),
(35, 31),
(35, 32),
(35, 33),
(35, 34),
(35, 35),
(35, 36),
(35, 37),
(35, 38),
(35, 39),
(35, 40),
(35, 41),
(35, 42),
(35, 43),
(35, 44),
(35, 45),
(35, 46),
(35, 47),
(35, 48),
(36, 1),
(36, 2),
(36, 3),
(36, 4),
(36, 5),
(36, 6),
(36, 7),
(36, 8),
(36, 9),
(36, 10),
(36, 11),
(36, 12),
(36, 13),
(36, 14),
(36, 15),
(36, 16),
(36, 17),
(36, 18),
(36, 19),
(36, 20),
(36, 21),
(36, 22),
(36, 23),
(36, 24),
(36, 25),
(36, 26),
(36, 27),
(36, 28),
(36, 29),
(36, 30),
(36, 31),
(36, 32),
(36, 33),
(36, 34),
(36, 35),
(36, 36),
(36, 37),
(36, 38),
(36, 39),
(36, 40),
(36, 41),
(36, 42),
(36, 43),
(36, 44),
(36, 45),
(36, 46),
(36, 47),
(36, 48),
(37, 1),
(37, 2),
(37, 3),
(37, 4),
(37, 5),
(37, 6),
(37, 7),
(37, 8),
(37, 9),
(37, 10),
(37, 11),
(37, 12),
(37, 13),
(37, 14),
(37, 15),
(37, 16),
(37, 17),
(37, 18),
(37, 19),
(37, 20),
(37, 21),
(37, 22),
(37, 23),
(37, 24),
(37, 25),
(37, 26),
(37, 27),
(37, 28),
(37, 29),
(37, 30),
(37, 31),
(37, 32),
(37, 33),
(37, 34),
(37, 35),
(37, 36),
(37, 37),
(37, 38),
(37, 39),
(37, 40),
(37, 41),
(37, 42),
(37, 43),
(37, 44),
(37, 45),
(37, 46),
(37, 47),
(37, 48),
(38, 1),
(38, 2),
(38, 3),
(38, 4),
(38, 5),
(38, 6),
(38, 7),
(38, 8),
(38, 9),
(38, 10),
(38, 11),
(38, 12),
(38, 13),
(38, 14),
(38, 15),
(38, 16),
(38, 17),
(38, 18),
(38, 19),
(38, 20),
(38, 21),
(38, 22),
(38, 23),
(38, 24),
(38, 25),
(38, 26),
(38, 27),
(38, 28),
(38, 29),
(38, 30),
(38, 31),
(38, 32),
(38, 33),
(38, 34),
(38, 35),
(38, 36),
(38, 37),
(38, 38),
(38, 39),
(38, 40),
(38, 41),
(38, 42),
(38, 43),
(38, 44),
(38, 45),
(38, 46),
(38, 47),
(38, 48),
(39, 1),
(39, 2),
(39, 3),
(39, 4),
(39, 5),
(39, 6),
(39, 7),
(39, 8),
(39, 9),
(39, 10),
(39, 11),
(39, 12),
(39, 13),
(39, 14),
(39, 15),
(39, 16),
(39, 17),
(39, 18),
(39, 19),
(39, 20),
(39, 21),
(39, 22),
(39, 23),
(39, 24),
(39, 25),
(39, 26),
(39, 27),
(39, 28),
(39, 29),
(39, 30),
(39, 31),
(39, 32),
(39, 33),
(39, 34),
(39, 35),
(39, 36),
(39, 37),
(39, 38),
(39, 39),
(39, 40),
(39, 41),
(39, 42),
(39, 43),
(39, 44),
(39, 45),
(39, 46),
(39, 47),
(39, 48),
(40, 1),
(40, 2),
(40, 3),
(40, 4),
(40, 5),
(40, 6),
(40, 7),
(40, 8),
(40, 9),
(40, 10),
(40, 11),
(40, 12),
(40, 13),
(40, 14),
(40, 15),
(40, 16),
(40, 17),
(40, 18),
(40, 19),
(40, 20),
(40, 21),
(40, 22),
(40, 23),
(40, 24),
(40, 25),
(40, 26),
(40, 27),
(40, 28),
(40, 29),
(40, 30),
(40, 31),
(40, 32),
(40, 33),
(40, 34),
(40, 35),
(40, 36),
(40, 37),
(40, 38),
(40, 39),
(40, 40),
(40, 41),
(40, 42),
(40, 43),
(40, 44),
(40, 45),
(40, 46),
(40, 47),
(40, 48),
(41, 1),
(41, 2),
(41, 3),
(41, 4),
(41, 5),
(41, 6),
(41, 7),
(41, 8),
(41, 9),
(41, 10),
(41, 11),
(41, 12),
(41, 13),
(41, 14),
(41, 15),
(41, 16),
(41, 17),
(41, 18),
(41, 19),
(41, 20),
(41, 21),
(41, 22),
(41, 23),
(41, 24),
(41, 25),
(41, 26),
(41, 27),
(41, 28),
(41, 29),
(41, 30),
(41, 31),
(41, 32),
(41, 33),
(41, 34),
(41, 35),
(41, 36),
(41, 37),
(41, 38),
(41, 39),
(41, 40),
(41, 41),
(41, 42),
(41, 43),
(41, 44),
(41, 45),
(41, 46),
(41, 47),
(41, 48),
(42, 1),
(42, 2),
(42, 3),
(42, 4),
(42, 5),
(42, 6),
(42, 7),
(42, 8),
(42, 9),
(42, 10),
(42, 11),
(42, 12),
(42, 13),
(42, 14),
(42, 15),
(42, 16),
(42, 17),
(42, 18),
(42, 19),
(42, 20),
(42, 21),
(42, 22),
(42, 23),
(42, 24),
(42, 25),
(42, 26),
(42, 27),
(42, 28),
(42, 29),
(42, 30),
(42, 31),
(42, 32),
(42, 33),
(42, 34),
(42, 35),
(42, 36),
(42, 37),
(42, 38),
(42, 39),
(42, 40),
(42, 41),
(42, 42),
(42, 43),
(42, 44),
(42, 45),
(42, 46),
(42, 47),
(42, 48),
(43, 1),
(43, 2),
(43, 3),
(43, 4),
(43, 5),
(43, 6),
(43, 7),
(43, 8),
(43, 9),
(43, 10),
(43, 11),
(43, 12),
(43, 13),
(43, 14),
(43, 15),
(43, 16),
(43, 17),
(43, 18),
(43, 19),
(43, 20),
(43, 21),
(43, 22),
(43, 23),
(43, 24),
(43, 25),
(43, 26),
(43, 27),
(43, 28),
(43, 29),
(43, 30),
(43, 31),
(43, 32),
(43, 33),
(43, 34),
(43, 35),
(43, 36),
(43, 37),
(43, 38),
(43, 39),
(43, 40),
(43, 41),
(43, 42),
(43, 43),
(43, 44),
(43, 45),
(43, 46),
(43, 47),
(43, 48),
(44, 1),
(44, 2),
(44, 3),
(44, 4),
(44, 5),
(44, 6),
(44, 7),
(44, 8),
(44, 9),
(44, 10),
(44, 11),
(44, 12),
(44, 13),
(44, 14),
(44, 15),
(44, 16),
(44, 17),
(44, 18),
(44, 19),
(44, 20),
(44, 21),
(44, 22),
(44, 23),
(44, 24),
(44, 25),
(44, 26),
(44, 27),
(44, 28),
(44, 29),
(44, 30),
(44, 31),
(44, 32),
(44, 33),
(44, 34),
(44, 35),
(44, 36),
(44, 37),
(44, 38),
(44, 39),
(44, 40),
(44, 41),
(44, 42),
(44, 43),
(44, 44),
(44, 45),
(44, 46),
(44, 47),
(44, 48),
(45, 1),
(45, 2),
(45, 3),
(45, 4),
(45, 5),
(45, 6),
(45, 7),
(45, 8),
(45, 9),
(45, 10),
(45, 11),
(45, 12),
(45, 13),
(45, 14),
(45, 15),
(45, 16),
(45, 17),
(45, 18),
(45, 19),
(45, 20),
(45, 21),
(45, 22),
(45, 23),
(45, 24),
(45, 25),
(45, 26),
(45, 27),
(45, 28),
(45, 29),
(45, 30),
(45, 31),
(45, 32),
(45, 33),
(45, 34),
(45, 35),
(45, 36),
(45, 37),
(45, 38),
(45, 39),
(45, 40),
(45, 41),
(45, 42),
(45, 43),
(45, 44),
(45, 45),
(45, 46),
(45, 47),
(45, 48),
(46, 1),
(46, 2),
(46, 3),
(46, 4),
(46, 5),
(46, 6),
(46, 7),
(46, 8),
(46, 9),
(46, 10),
(46, 11),
(46, 12),
(46, 13),
(46, 14),
(46, 15),
(46, 16),
(46, 17),
(46, 18),
(46, 19),
(46, 20),
(46, 21),
(46, 22),
(46, 23),
(46, 24),
(46, 25),
(46, 26),
(46, 27),
(46, 28),
(46, 29),
(46, 30),
(46, 31),
(46, 32),
(46, 33),
(46, 34),
(46, 35),
(46, 36),
(46, 37),
(46, 38),
(46, 39),
(46, 40),
(46, 41),
(46, 42),
(46, 43),
(46, 44),
(46, 45),
(46, 46),
(46, 47),
(46, 48),
(47, 1),
(47, 2),
(47, 3),
(47, 4),
(47, 5),
(47, 6),
(47, 7),
(47, 8),
(47, 9),
(47, 10),
(47, 11),
(47, 12),
(47, 13),
(47, 14),
(47, 15),
(47, 16),
(47, 17),
(47, 18),
(47, 19),
(47, 20),
(47, 21),
(47, 22),
(47, 23),
(47, 24),
(47, 25),
(47, 26),
(47, 27),
(47, 28),
(47, 29),
(47, 30),
(47, 31),
(47, 32),
(47, 33),
(47, 34),
(47, 35),
(47, 36),
(47, 37),
(47, 38),
(47, 39),
(47, 40),
(47, 41),
(47, 42),
(47, 43),
(47, 44),
(47, 45),
(47, 46),
(47, 47),
(47, 48),
(48, 1),
(48, 2),
(48, 3),
(48, 4),
(48, 5),
(48, 6),
(48, 7),
(48, 8),
(48, 9),
(48, 10),
(48, 11),
(48, 12),
(48, 13),
(48, 14),
(48, 15),
(48, 16),
(48, 17),
(48, 18),
(48, 19),
(48, 20),
(48, 21),
(48, 22),
(48, 23),
(48, 24),
(48, 25),
(48, 26),
(48, 27),
(48, 28),
(48, 29),
(48, 30),
(48, 31),
(48, 32),
(48, 33),
(48, 34),
(48, 35),
(48, 36),
(48, 37),
(48, 38),
(48, 39),
(48, 40),
(48, 41),
(48, 42),
(48, 43),
(48, 44),
(48, 45),
(48, 46),
(48, 47),
(48, 48),
(49, 1),
(49, 2),
(49, 3),
(49, 4),
(49, 5),
(49, 6),
(49, 7),
(49, 8),
(49, 9),
(49, 10),
(49, 11),
(49, 12),
(49, 13),
(49, 14),
(49, 15),
(49, 16),
(49, 17),
(49, 18),
(49, 19),
(49, 20),
(49, 21),
(49, 22),
(49, 23),
(49, 24),
(49, 25),
(49, 26),
(49, 27),
(49, 28),
(49, 29),
(49, 30),
(49, 31),
(49, 32),
(49, 33),
(49, 34),
(49, 35),
(49, 36),
(49, 37),
(49, 38),
(49, 39),
(49, 40),
(49, 41),
(49, 42),
(49, 43),
(49, 44),
(49, 45),
(49, 46),
(49, 47),
(49, 48),
(50, 1),
(50, 2),
(50, 3),
(50, 4),
(50, 5),
(50, 6),
(50, 7),
(50, 8),
(50, 9),
(50, 10),
(50, 11),
(50, 12),
(50, 13),
(50, 14),
(50, 15),
(50, 16),
(50, 17),
(50, 18),
(50, 19),
(50, 20),
(50, 21),
(50, 22),
(50, 23),
(50, 24),
(50, 25),
(50, 26),
(50, 27),
(50, 28),
(50, 29),
(50, 30),
(50, 31),
(50, 32),
(50, 33),
(50, 34),
(50, 35),
(50, 36),
(50, 37),
(50, 38),
(50, 39),
(50, 40),
(50, 41),
(50, 42),
(50, 43),
(50, 44),
(50, 45),
(50, 46),
(50, 47),
(50, 48),
(51, 1),
(51, 2),
(51, 3),
(51, 4),
(51, 5),
(51, 6),
(51, 7),
(51, 8),
(51, 9),
(51, 10),
(51, 11),
(51, 12),
(51, 13),
(51, 14),
(51, 15),
(51, 16),
(51, 17),
(51, 18),
(51, 19),
(51, 20),
(51, 21),
(51, 22),
(51, 23),
(51, 24),
(51, 25),
(51, 26),
(51, 27),
(51, 28),
(51, 29),
(51, 30),
(51, 31),
(51, 32),
(51, 33),
(51, 34),
(51, 35),
(51, 36),
(51, 37),
(51, 38),
(51, 39),
(51, 40),
(51, 41),
(51, 42),
(51, 43),
(51, 44),
(51, 45),
(51, 46),
(51, 47),
(51, 48),
(52, 1),
(52, 2),
(52, 3),
(52, 4),
(52, 5),
(52, 6),
(52, 7),
(52, 8),
(52, 9),
(52, 10),
(52, 11),
(52, 12),
(52, 13),
(52, 14),
(52, 15),
(52, 16),
(52, 17),
(52, 18),
(52, 19),
(52, 20),
(52, 21),
(52, 22),
(52, 23),
(52, 24),
(52, 25),
(52, 26),
(52, 27),
(52, 28),
(52, 29),
(52, 30),
(52, 31),
(52, 32),
(52, 33),
(52, 34),
(52, 35),
(52, 36),
(52, 37),
(52, 38),
(52, 39),
(52, 40),
(52, 41),
(52, 42),
(52, 43),
(52, 44),
(52, 45),
(52, 46),
(52, 47),
(52, 48),
(53, 1),
(53, 2),
(53, 3),
(53, 4),
(53, 5),
(53, 6),
(53, 7),
(53, 8),
(53, 9),
(53, 10),
(53, 11),
(53, 12),
(53, 13),
(53, 14),
(53, 15),
(53, 16),
(53, 17),
(53, 18),
(53, 19),
(53, 20),
(53, 21),
(53, 22),
(53, 23),
(53, 24),
(53, 25),
(53, 26),
(53, 27),
(53, 28),
(53, 29),
(53, 30),
(53, 31),
(53, 32),
(53, 33),
(53, 34),
(53, 35),
(53, 36),
(53, 37),
(53, 38),
(53, 39),
(53, 40),
(53, 41),
(53, 42),
(53, 43),
(53, 44),
(53, 45),
(53, 46),
(53, 47),
(53, 48),
(54, 1),
(54, 2),
(54, 3),
(54, 4),
(54, 5),
(54, 6),
(54, 7),
(54, 8),
(54, 9),
(54, 10),
(54, 11),
(54, 12),
(54, 13),
(54, 14),
(54, 15),
(54, 16),
(54, 17),
(54, 18),
(54, 19),
(54, 20),
(54, 21),
(54, 22),
(54, 23),
(54, 24),
(54, 25),
(54, 26),
(54, 27),
(54, 28),
(54, 29),
(54, 30),
(54, 31),
(54, 32),
(54, 33),
(54, 34),
(54, 35),
(54, 36),
(54, 37),
(54, 38),
(54, 39),
(54, 40),
(54, 41),
(54, 42),
(54, 43),
(54, 44),
(54, 45),
(54, 46),
(54, 47),
(54, 48),
(55, 1),
(55, 2),
(55, 3),
(55, 4),
(55, 5),
(55, 6),
(55, 7),
(55, 8),
(55, 9),
(55, 10),
(55, 11),
(55, 12),
(55, 13),
(55, 14),
(55, 15),
(55, 16),
(55, 17),
(55, 18),
(55, 19),
(55, 20),
(55, 21),
(55, 22),
(55, 23),
(55, 24),
(55, 25),
(55, 26),
(55, 27),
(55, 28),
(55, 29),
(55, 30),
(55, 31),
(55, 32),
(55, 33),
(55, 34),
(55, 35),
(55, 36),
(55, 37),
(55, 38),
(55, 39),
(55, 40),
(55, 41),
(55, 42),
(55, 43),
(55, 44),
(55, 45),
(55, 46),
(55, 47),
(55, 48),
(56, 1),
(56, 2),
(56, 3),
(56, 4),
(56, 5),
(56, 6),
(56, 7),
(56, 8),
(56, 9),
(56, 10),
(56, 11),
(56, 12),
(56, 13),
(56, 14),
(56, 15),
(56, 16),
(56, 17),
(56, 18),
(56, 19),
(56, 20),
(56, 21),
(56, 22),
(56, 23),
(56, 24),
(56, 25),
(56, 26),
(56, 27),
(56, 28),
(56, 29),
(56, 30),
(56, 31),
(56, 32),
(56, 33),
(56, 34),
(56, 35),
(56, 36),
(56, 37),
(56, 38),
(56, 39),
(56, 40),
(56, 41),
(56, 42),
(56, 43),
(56, 44),
(56, 45),
(56, 46),
(56, 47),
(56, 48),
(57, 1),
(57, 2),
(57, 3),
(57, 4),
(57, 5),
(57, 6),
(57, 7),
(57, 8),
(57, 9),
(57, 10),
(57, 11),
(57, 12),
(57, 13),
(57, 14),
(57, 15),
(57, 16),
(57, 17),
(57, 18),
(57, 19),
(57, 20),
(57, 21),
(57, 22),
(57, 23),
(57, 24),
(57, 25),
(57, 26),
(57, 27),
(57, 28),
(57, 29),
(57, 30),
(57, 31),
(57, 32),
(57, 33),
(57, 34),
(57, 35),
(57, 36),
(57, 37),
(57, 38),
(57, 39),
(57, 40),
(57, 41),
(57, 42),
(57, 43),
(57, 44),
(57, 45),
(57, 46),
(57, 47),
(57, 48),
(58, 1),
(58, 2),
(58, 3),
(58, 4),
(58, 5),
(58, 6),
(58, 7),
(58, 8),
(58, 9),
(58, 10),
(58, 11),
(58, 12),
(58, 13),
(58, 14),
(58, 15),
(58, 16),
(58, 17),
(58, 18),
(58, 19),
(58, 20),
(58, 21),
(58, 22),
(58, 23),
(58, 24),
(58, 25),
(58, 26),
(58, 27),
(58, 28),
(58, 29),
(58, 30),
(58, 31),
(58, 32),
(58, 33),
(58, 34),
(58, 35),
(58, 36),
(58, 37),
(58, 38),
(58, 39),
(58, 40),
(58, 41),
(58, 42),
(58, 43),
(58, 44),
(58, 45),
(58, 46),
(58, 47),
(58, 48),
(59, 1),
(59, 2),
(59, 3),
(59, 4),
(59, 5),
(59, 6),
(59, 7),
(59, 8),
(59, 9),
(59, 10),
(59, 11),
(59, 12),
(59, 13),
(59, 14),
(59, 15),
(59, 16),
(59, 17),
(59, 18),
(59, 19),
(59, 20),
(59, 21),
(59, 22),
(59, 23),
(59, 24),
(59, 25),
(59, 26),
(59, 27),
(59, 28),
(59, 29),
(59, 30),
(59, 31),
(59, 32),
(59, 33),
(59, 34),
(59, 35),
(59, 36),
(59, 37),
(59, 38),
(59, 39),
(59, 40),
(59, 41),
(59, 42),
(59, 43),
(59, 44),
(59, 45),
(59, 46),
(59, 47),
(59, 48),
(60, 1),
(60, 2),
(60, 3),
(60, 4),
(60, 5),
(60, 6),
(60, 7),
(60, 8),
(60, 9),
(60, 10),
(60, 11),
(60, 12),
(60, 13),
(60, 14),
(60, 15),
(60, 16),
(60, 17),
(60, 18),
(60, 19),
(60, 20),
(60, 21),
(60, 22),
(60, 23),
(60, 24),
(60, 25),
(60, 26),
(60, 27),
(60, 28),
(60, 29),
(60, 30),
(60, 31),
(60, 32),
(60, 33),
(60, 34),
(60, 35),
(60, 36),
(60, 37),
(60, 38),
(60, 39),
(60, 40),
(60, 41),
(60, 42),
(60, 43),
(60, 44),
(60, 45),
(60, 46),
(60, 47),
(60, 48),
(61, 1),
(61, 2),
(61, 3),
(61, 4),
(61, 5),
(61, 6),
(61, 7),
(61, 8),
(61, 9),
(61, 10),
(61, 11),
(61, 12),
(61, 13),
(61, 14),
(61, 15),
(61, 16),
(61, 17),
(61, 18),
(61, 19),
(61, 20),
(61, 21),
(61, 22),
(61, 23),
(61, 24),
(61, 25),
(61, 26),
(61, 27),
(61, 28),
(61, 29),
(61, 30),
(61, 31),
(61, 32),
(61, 33),
(61, 34),
(61, 35),
(61, 36),
(61, 37),
(61, 38),
(61, 39),
(61, 40),
(61, 41),
(61, 42),
(61, 43),
(61, 44),
(61, 45),
(61, 46),
(61, 47),
(61, 48),
(62, 1),
(62, 2),
(62, 3),
(62, 4),
(62, 5),
(62, 6),
(62, 7),
(62, 8),
(62, 9),
(62, 10),
(62, 11),
(62, 12),
(62, 13),
(62, 14),
(62, 15),
(62, 16),
(62, 17),
(62, 18),
(62, 19),
(62, 20),
(62, 21),
(62, 22),
(62, 23),
(62, 24),
(62, 25),
(62, 26),
(62, 27),
(62, 28),
(62, 29),
(62, 30),
(62, 31),
(62, 32),
(62, 33),
(62, 34),
(62, 35),
(62, 36),
(62, 37),
(62, 38),
(62, 39),
(62, 40),
(62, 41),
(62, 42),
(62, 43),
(62, 44),
(62, 45),
(62, 46),
(62, 47),
(62, 48),
(63, 1),
(63, 2),
(63, 3),
(63, 4),
(63, 5),
(63, 6),
(63, 7),
(63, 8),
(63, 9),
(63, 10),
(63, 11),
(63, 12),
(63, 13),
(63, 14),
(63, 15),
(63, 16),
(63, 17),
(63, 18),
(63, 19),
(63, 20),
(63, 21),
(63, 22),
(63, 23),
(63, 24),
(63, 25),
(63, 26),
(63, 27),
(63, 28),
(63, 29),
(63, 30),
(63, 31),
(63, 32),
(63, 33),
(63, 34),
(63, 35),
(63, 36),
(63, 37),
(63, 38),
(63, 39),
(63, 40),
(63, 41),
(63, 42),
(63, 43),
(63, 44),
(63, 45),
(63, 46),
(63, 47),
(63, 48),
(64, 1),
(64, 2),
(64, 3),
(64, 4),
(64, 5),
(64, 6),
(64, 7),
(64, 8),
(64, 9),
(64, 10),
(64, 11),
(64, 12),
(64, 13),
(64, 14),
(64, 15),
(64, 16),
(64, 17),
(64, 18),
(64, 19),
(64, 20),
(64, 21),
(64, 22),
(64, 23),
(64, 24),
(64, 25),
(64, 26),
(64, 27),
(64, 28),
(64, 29),
(64, 30),
(64, 31),
(64, 32),
(64, 33),
(64, 34),
(64, 35),
(64, 36),
(64, 37),
(64, 38),
(64, 39),
(64, 40),
(64, 41),
(64, 42),
(64, 43),
(64, 44),
(64, 45),
(64, 46),
(64, 47),
(64, 48),
(65, 1),
(65, 2),
(65, 3),
(65, 4),
(65, 5),
(65, 6),
(65, 7),
(65, 8),
(65, 9),
(65, 10),
(65, 11),
(65, 12),
(65, 13),
(65, 14),
(65, 15),
(65, 16),
(65, 17),
(65, 18),
(65, 19),
(65, 20),
(65, 21),
(65, 22),
(65, 23),
(65, 24),
(65, 25),
(65, 26),
(65, 27),
(65, 28),
(65, 29),
(65, 30),
(65, 31),
(65, 32),
(65, 33),
(65, 34),
(65, 35),
(65, 36),
(65, 37),
(65, 38),
(65, 39),
(65, 40),
(65, 41),
(65, 42),
(65, 43),
(65, 44),
(65, 45),
(65, 46),
(65, 47),
(65, 48),
(66, 1),
(66, 2),
(66, 3),
(66, 4),
(66, 5),
(66, 6),
(66, 7),
(66, 8),
(66, 9),
(66, 10),
(66, 11),
(66, 12),
(66, 13),
(66, 14),
(66, 15),
(66, 16),
(66, 17),
(66, 18),
(66, 19),
(66, 20),
(66, 21),
(66, 22),
(66, 23),
(66, 24),
(66, 25),
(66, 26),
(66, 27),
(66, 28),
(66, 29),
(66, 30),
(66, 31),
(66, 32),
(66, 33),
(66, 34),
(66, 35),
(66, 36),
(66, 37),
(66, 38),
(66, 39),
(66, 40),
(66, 41),
(66, 42),
(66, 43),
(66, 44),
(66, 45),
(66, 46),
(66, 47),
(66, 48),
(67, 1),
(67, 2),
(67, 3),
(67, 4),
(67, 5),
(67, 6),
(67, 7),
(67, 8),
(67, 9),
(67, 10),
(67, 11),
(67, 12),
(67, 13),
(67, 14),
(67, 15),
(67, 16),
(67, 17),
(67, 18),
(67, 19),
(67, 20),
(67, 21),
(67, 22),
(67, 23),
(67, 24),
(67, 25),
(67, 26),
(67, 27),
(67, 28),
(67, 29),
(67, 30),
(67, 31),
(67, 32),
(67, 33),
(67, 34),
(67, 35),
(67, 36),
(67, 37),
(67, 38),
(67, 39),
(67, 40),
(67, 41),
(67, 42),
(67, 43),
(67, 44),
(67, 45),
(67, 46),
(67, 47),
(67, 48),
(68, 1),
(68, 2),
(68, 3),
(68, 4),
(68, 5),
(68, 6),
(68, 7),
(68, 8),
(68, 9),
(68, 10),
(68, 11),
(68, 12),
(68, 13),
(68, 14),
(68, 15),
(68, 16),
(68, 17),
(68, 18),
(68, 19),
(68, 20),
(68, 21),
(68, 22),
(68, 23),
(68, 24),
(68, 25),
(68, 26),
(68, 27),
(68, 28),
(68, 29),
(68, 30),
(68, 31),
(68, 32),
(68, 33),
(68, 34),
(68, 35),
(68, 36),
(68, 37),
(68, 38),
(68, 39),
(68, 40),
(68, 41),
(68, 42),
(68, 43),
(68, 44),
(68, 45),
(68, 46),
(68, 47),
(68, 48),
(69, 1),
(69, 2),
(69, 3),
(69, 4),
(69, 5),
(69, 6),
(69, 7),
(69, 8),
(69, 9),
(69, 10),
(69, 11),
(69, 12),
(69, 13),
(69, 14),
(69, 15),
(69, 16),
(69, 17),
(69, 18),
(69, 19),
(69, 20),
(69, 21),
(69, 22),
(69, 23),
(69, 24),
(69, 25),
(69, 26),
(69, 27),
(69, 28),
(69, 29),
(69, 30),
(69, 31),
(69, 32),
(69, 33),
(69, 34),
(69, 35),
(69, 36),
(69, 37),
(69, 38),
(69, 39),
(69, 40),
(69, 41),
(69, 42),
(69, 43),
(69, 44),
(69, 45),
(69, 46),
(69, 47),
(69, 48),
(70, 1),
(70, 2),
(70, 3),
(70, 4),
(70, 5),
(70, 6),
(70, 7),
(70, 8),
(70, 9),
(70, 10),
(70, 11),
(70, 12),
(70, 13),
(70, 14),
(70, 15),
(70, 16),
(70, 17),
(70, 18),
(70, 19),
(70, 20),
(70, 21),
(70, 22),
(70, 23),
(70, 24),
(70, 25),
(70, 26),
(70, 27),
(70, 28),
(70, 29),
(70, 30),
(70, 31),
(70, 32),
(70, 33),
(70, 34),
(70, 35),
(70, 36),
(70, 37),
(70, 38),
(70, 39),
(70, 40),
(70, 41),
(70, 42),
(70, 43),
(70, 44),
(70, 45),
(70, 46),
(70, 47),
(70, 48);

-- --------------------------------------------------------

--
-- Table structure for table `sessions`
--

CREATE TABLE `sessions` (
  `id` varchar(255) NOT NULL,
  `user_id` bigint(20) UNSIGNED DEFAULT NULL,
  `ip_address` varchar(45) DEFAULT NULL,
  `user_agent` text DEFAULT NULL,
  `payload` longtext NOT NULL,
  `last_activity` int(11) NOT NULL
) ENGINE=InnoDB DEFAULT CHARSET=utf8mb4 COLLATE=utf8mb4_unicode_ci;

--
-- Dumping data for table `sessions`
--

INSERT INTO `sessions` (`id`, `user_id`, `ip_address`, `user_agent`, `payload`, `last_activity`) VALUES
('kYTcqdSnyg50qsJvU2irGxKNBcqOnTtGQO0mfZI6', 1, '127.0.0.1', 'Mozilla/5.0 (Macintosh; Intel Mac OS X 10.15; rv:137.0) Gecko/20100101 Firefox/137.0', 'YTo1OntzOjY6Il90b2tlbiI7czo0MDoiTkJISGxadmNLeVBsN3llSkRsYmx2TDg3R0hWY2E4ZGUyNE9HYlgzMiI7czo5OiJfcHJldmlvdXMiO2E6MTp7czozOiJ1cmwiO3M6NzI6Imh0dHA6Ly9sb2NhbGhvc3Q6ODAwMC9vcmdhbmlzYXRpb24vbGVhZGluZy1kaWdpdGFsL2R5bmFtaWMtZmllbGRzL2NyZWF0ZSI7fXM6NjoiX2ZsYXNoIjthOjI6e3M6Mzoib2xkIjthOjA6e31zOjM6Im5ldyI7YTowOnt9fXM6NTA6ImxvZ2luX3dlYl81OWJhMzZhZGRjMmIyZjk0MDE1ODBmMDE0YzdmNThlYTRlMzA5ODlkIjtpOjE7czoyMjoiUEhQREVCVUdCQVJfU1RBQ0tfREFUQSI7YTowOnt9fQ==', 1743645770);

-- --------------------------------------------------------

--
-- Table structure for table `shots`
--

CREATE TABLE `shots` (
  `id` bigint(20) UNSIGNED NOT NULL,
  `name` varchar(255) NOT NULL,
  `description` longtext DEFAULT NULL,
  `slug` varchar(255) DEFAULT NULL,
  `created_at` timestamp NULL DEFAULT NULL,
  `updated_at` timestamp NULL DEFAULT NULL
) ENGINE=InnoDB DEFAULT CHARSET=utf8mb4 COLLATE=utf8mb4_unicode_ci;

-- --------------------------------------------------------

--
-- Table structure for table `source_of_income_records`
--

CREATE TABLE `source_of_income_records` (
  `id` bigint(20) UNSIGNED NOT NULL,
  `organisation_id` bigint(20) UNSIGNED NOT NULL,
  `period` year(4) NOT NULL,
  `trophy_fee_amount` decimal(15,2) NOT NULL DEFAULT 0.00,
  `hides_amount` decimal(15,2) NOT NULL DEFAULT 0.00,
  `meat_amount` decimal(15,2) NOT NULL DEFAULT 0.00,
  `hunting_concession_fee_amount` decimal(15,2) NOT NULL DEFAULT 0.00,
  `photographic_fee_amount` decimal(15,2) NOT NULL DEFAULT 0.00,
  `other_amount` decimal(15,2) NOT NULL DEFAULT 0.00,
  `other_description` text DEFAULT NULL,
  `created_at` timestamp NULL DEFAULT NULL,
  `updated_at` timestamp NULL DEFAULT NULL
) ENGINE=InnoDB DEFAULT CHARSET=utf8mb4 COLLATE=utf8mb4_unicode_ci;

-- --------------------------------------------------------

--
-- Table structure for table `species`
--

CREATE TABLE `species` (
  `id` bigint(20) UNSIGNED NOT NULL,
  `name` varchar(255) NOT NULL,
  `scientific` varchar(255) DEFAULT NULL,
  `male_name` varchar(255) DEFAULT NULL,
  `female_name` varchar(255) DEFAULT NULL,
  `avatar` varchar(255) DEFAULT NULL,
  `is_special` tinyint(1) NOT NULL DEFAULT 0,
  `slug` varchar(255) DEFAULT NULL,
  `created_at` timestamp NULL DEFAULT NULL,
  `updated_at` timestamp NULL DEFAULT NULL
) ENGINE=InnoDB DEFAULT CHARSET=utf8mb4 COLLATE=utf8mb4_unicode_ci;

--
-- Dumping data for table `species`
--

INSERT INTO `species` (`id`, `name`, `scientific`, `male_name`, `female_name`, `avatar`, `is_special`, `slug`, `created_at`, `updated_at`) VALUES
(1, 'Elephant', 'Elephas maximus, Loxodonta africana', 'Bull', 'Cow', '/images/elephant.jpg', 1, 'elephant', '2025-04-02 23:59:52', '2025-04-02 23:59:52'),
(2, 'Lion', 'Panthera leo', 'Lion', 'Lioness', '/images/lion.jpg', 1, 'lion', '2025-04-02 23:59:52', '2025-04-02 23:59:52'),
(3, 'Leopard', 'Panthera pardus', 'Leopard', 'Leopardess', '/images/leopard.jpg', 1, 'leopard', '2025-04-02 23:59:52', '2025-04-02 23:59:52'),
(4, 'Buffalo', 'Syncerus caffer, Bubalus bubalis', 'Bull', 'Cow', '/images/buffalo.jpg', 1, 'buffalo', '2025-04-02 23:59:52', '2025-04-02 23:59:52'),
(5, 'Crocodile', 'Crocodylus niloticus, Crocodylus porosus', 'Bull', 'Cow', '/images/crocodile.jpg', 1, 'crocodile', '2025-04-02 23:59:52', '2025-04-02 23:59:52'),
(6, 'Hippo', 'Hippopotamus amphibius', 'Bull', 'Cow', '/images/hippo.jpg', 1, 'hippo', '2025-04-02 23:59:52', '2025-04-02 23:59:52'),
(7, 'Hyena - Spotted', 'Crocuta crocuta', 'Male Hyena', 'Female Hyena', '/images/hyena - spotted.jpg', 1, 'hyena-spotted', '2025-04-02 23:59:52', '2025-04-02 23:59:52'),
(8, 'Hyena - Brown', 'Hyaena brunnea', 'Male Hyena', 'Female Hyena', '/images/hyena - brown.jpg', 1, 'hyena-brown', '2025-04-02 23:59:52', '2025-04-02 23:59:52'),
(9, 'Wild Dogs', 'Lycaon pictus', 'Male', 'Female', '/images/wild dogs.jpg', 0, 'wild-dogs', '2025-04-02 23:59:52', '2025-04-02 23:59:52'),
(10, 'Jackal', 'Canis aureus, Canis mesomelas', 'Male', 'Female', '/images/jackal.jpg', 0, 'jackal', '2025-04-02 23:59:52', '2025-04-02 23:59:52'),
(11, 'Snakes', 'Varies by species', 'Male', 'Female', '/images/snakes.jpeg', 0, 'snakes', '2025-04-02 23:59:52', '2025-04-02 23:59:52'),
(12, 'Python', 'Python regius, Python bivittatus', 'Male', 'Female', '/images/python.jpg', 0, 'python', '2025-04-02 23:59:52', '2025-04-02 23:59:52'),
(13, 'Wild Pigs', 'Sus scrofa', 'Boar', 'Sow', '/images/wild pigs.jpg', 0, 'wild-pigs', '2025-04-02 23:59:52', '2025-04-02 23:59:52'),
(14, 'Antelopes', 'Varies by species', 'Buck', 'Doe', '/images/antelopes.jpg', 0, 'antelopes', '2025-04-02 23:59:52', '2025-04-02 23:59:52'),
(15, 'Quelea Birds', 'Quelea quelea', 'Male Quelea', 'Female Quelea', '/images/quelea birds.jpeg', 0, 'quelea-birds', '2025-04-02 23:59:52', '2025-04-02 23:59:52');

-- --------------------------------------------------------

--
-- Table structure for table `species_genders`
--

CREATE TABLE `species_genders` (
  `id` bigint(20) UNSIGNED NOT NULL,
  `name` varchar(255) NOT NULL,
  `description` varchar(255) DEFAULT NULL,
  `slug` varchar(255) DEFAULT NULL,
  `created_at` timestamp NULL DEFAULT NULL,
  `updated_at` timestamp NULL DEFAULT NULL
) ENGINE=InnoDB DEFAULT CHARSET=utf8mb4 COLLATE=utf8mb4_unicode_ci;

--
-- Dumping data for table `species_genders`
--

INSERT INTO `species_genders` (`id`, `name`, `description`, `slug`, `created_at`, `updated_at`) VALUES
(1, 'Male', NULL, 'male', '2025-04-02 23:59:52', '2025-04-02 23:59:52'),
(2, 'Female', NULL, 'female', '2025-04-02 23:59:52', '2025-04-02 23:59:52'),
(3, 'Unsexed', NULL, 'unsexed', '2025-04-02 23:59:52', '2025-04-02 23:59:52');

-- --------------------------------------------------------

--
-- Table structure for table `transactions`
--

CREATE TABLE `transactions` (
  `id` bigint(20) UNSIGNED NOT NULL,
  `organisation_id` bigint(20) UNSIGNED NOT NULL,
  `transaction_type` varchar(255) NOT NULL DEFAULT 'income',
  `customer_or_donor` varchar(255) DEFAULT NULL,
  `currency` varchar(255) NOT NULL DEFAULT 'USD',
  `status` varchar(255) NOT NULL DEFAULT 'pending',
  `reference_number` varchar(255) DEFAULT NULL,
  `amount` decimal(10,2) DEFAULT 0.00,
  `transaction_date` date NOT NULL,
  `notes` text DEFAULT NULL,
  `created_at` timestamp NULL DEFAULT NULL,
  `updated_at` timestamp NULL DEFAULT NULL
) ENGINE=InnoDB DEFAULT CHARSET=utf8mb4 COLLATE=utf8mb4_unicode_ci;

-- --------------------------------------------------------

--
-- Table structure for table `transaction_payables`
--

CREATE TABLE `transaction_payables` (
  `id` bigint(20) UNSIGNED NOT NULL,
  `transaction_id` bigint(20) UNSIGNED NOT NULL,
  `organisation_payable_item_id` bigint(20) UNSIGNED NOT NULL,
  `species_id` bigint(20) UNSIGNED DEFAULT NULL,
  `price` decimal(10,2) DEFAULT NULL,
  `amount` decimal(10,2) DEFAULT 0.00,
  `balance` decimal(10,2) DEFAULT 0.00,
  `currency` varchar(255) NOT NULL DEFAULT 'USD',
  `payment_method` varchar(255) DEFAULT NULL,
  `status` varchar(255) DEFAULT NULL,
  `reference_number` varchar(255) DEFAULT NULL,
  `pop` varchar(255) DEFAULT NULL,
  `transaction_date` date NOT NULL,
  `notes` text DEFAULT NULL,
  `created_at` timestamp NULL DEFAULT NULL,
  `updated_at` timestamp NULL DEFAULT NULL
) ENGINE=InnoDB DEFAULT CHARSET=utf8mb4 COLLATE=utf8mb4_unicode_ci;

-- --------------------------------------------------------

--
-- Table structure for table `users`
--

CREATE TABLE `users` (
  `id` bigint(20) UNSIGNED NOT NULL,
  `name` varchar(255) NOT NULL,
  `email` varchar(255) NOT NULL,
  `email_verified_at` timestamp NULL DEFAULT NULL,
  `password` varchar(255) NOT NULL,
  `slug` varchar(255) DEFAULT NULL,
  `remember_token` varchar(100) DEFAULT NULL,
  `created_at` timestamp NULL DEFAULT NULL,
  `updated_at` timestamp NULL DEFAULT NULL
) ENGINE=InnoDB DEFAULT CHARSET=utf8mb4 COLLATE=utf8mb4_unicode_ci;

--
-- Dumping data for table `users`
--

INSERT INTO `users` (`id`, `name`, `email`, `email_verified_at`, `password`, `slug`, `remember_token`, `created_at`, `updated_at`) VALUES
(1, 'Nigel Jeche', 'jechekudzie@gmail.com', NULL, '$2y$12$t2OYNSjy6zIBnFo5WzhZje3skQ6VxJ/OfkE16sU4HFneyNt.Peefu', 'nigel-jeche', NULL, '2025-04-02 23:59:53', '2025-04-02 23:59:53');

-- --------------------------------------------------------

--
-- Table structure for table `wildlife_conflict_dynamic_values`
--

CREATE TABLE `wildlife_conflict_dynamic_values` (
  `id` bigint(20) UNSIGNED NOT NULL,
  `wildlife_conflict_outcome_id` bigint(20) UNSIGNED NOT NULL,
  `dynamic_field_id` bigint(20) UNSIGNED NOT NULL,
  `field_value` text DEFAULT NULL,
  `created_at` timestamp NULL DEFAULT NULL,
  `updated_at` timestamp NULL DEFAULT NULL
) ENGINE=InnoDB DEFAULT CHARSET=utf8mb4 COLLATE=utf8mb4_unicode_ci;

-- --------------------------------------------------------

--
-- Table structure for table `wildlife_conflict_incidents`
--

CREATE TABLE `wildlife_conflict_incidents` (
  `id` bigint(20) UNSIGNED NOT NULL,
  `organisation_id` bigint(20) UNSIGNED NOT NULL,
  `title` varchar(255) NOT NULL,
  `period` year(4) NOT NULL,
  `incident_date` date NOT NULL,
  `incident_time` time NOT NULL,
  `longitude` decimal(10,7) DEFAULT NULL,
  `latitude` decimal(10,7) DEFAULT NULL,
  `location_description` varchar(255) DEFAULT NULL,
  `description` text DEFAULT NULL,
  `conflict_type_id` bigint(20) UNSIGNED DEFAULT NULL,
  `created_at` timestamp NULL DEFAULT NULL,
  `updated_at` timestamp NULL DEFAULT NULL
) ENGINE=InnoDB DEFAULT CHARSET=utf8mb4 COLLATE=utf8mb4_unicode_ci;

-- --------------------------------------------------------

--
-- Table structure for table `wildlife_conflict_incident_species`
--

CREATE TABLE `wildlife_conflict_incident_species` (
  `id` bigint(20) UNSIGNED NOT NULL,
  `wildlife_conflict_incident_id` bigint(20) UNSIGNED NOT NULL,
  `species_id` bigint(20) UNSIGNED NOT NULL,
  `created_at` timestamp NULL DEFAULT NULL,
  `updated_at` timestamp NULL DEFAULT NULL
) ENGINE=InnoDB DEFAULT CHARSET=utf8mb4 COLLATE=utf8mb4_unicode_ci;

-- --------------------------------------------------------

--
-- Table structure for table `wildlife_conflict_outcomes`
--

CREATE TABLE `wildlife_conflict_outcomes` (
  `id` bigint(20) UNSIGNED NOT NULL,
  `wildlife_conflict_incident_id` bigint(20) UNSIGNED NOT NULL,
  `conflict_out_come_id` bigint(20) UNSIGNED NOT NULL,
  `created_at` timestamp NULL DEFAULT NULL,
  `updated_at` timestamp NULL DEFAULT NULL
) ENGINE=InnoDB DEFAULT CHARSET=utf8mb4 COLLATE=utf8mb4_unicode_ci;

--
-- Indexes for dumped tables
--

--
-- Indexes for table `animal_control_records`
--
ALTER TABLE `animal_control_records`
  ADD PRIMARY KEY (`id`),
  ADD UNIQUE KEY `animal_control_unique` (`organisation_id`,`species_id`,`period`);

--
-- Indexes for table `cache`
--
ALTER TABLE `cache`
  ADD PRIMARY KEY (`key`);

--
-- Indexes for table `cache_locks`
--
ALTER TABLE `cache_locks`
  ADD PRIMARY KEY (`key`);

--
-- Indexes for table `categories`
--
ALTER TABLE `categories`
  ADD PRIMARY KEY (`id`);

--
-- Indexes for table `cities`
--
ALTER TABLE `cities`
  ADD PRIMARY KEY (`id`),
  ADD KEY `cities_province_id_foreign` (`province_id`);

--
-- Indexes for table `conflict_outcome_dynamic_field_values`
--
ALTER TABLE `conflict_outcome_dynamic_field_values`
  ADD PRIMARY KEY (`id`);

--
-- Indexes for table `conflict_out_comes`
--
ALTER TABLE `conflict_out_comes`
  ADD PRIMARY KEY (`id`);

--
-- Indexes for table `conflict_records`
--
ALTER TABLE `conflict_records`
  ADD PRIMARY KEY (`id`);

--
-- Indexes for table `conflict_types`
--
ALTER TABLE `conflict_types`
  ADD PRIMARY KEY (`id`);

--
-- Indexes for table `control_measures`
--
ALTER TABLE `control_measures`
  ADD PRIMARY KEY (`id`);

--
-- Indexes for table `counting_methods`
--
ALTER TABLE `counting_methods`
  ADD PRIMARY KEY (`id`);

--
-- Indexes for table `countries`
--
ALTER TABLE `countries`
  ADD PRIMARY KEY (`id`);

--
-- Indexes for table `crop_conflict_records`
--
ALTER TABLE `crop_conflict_records`
  ADD PRIMARY KEY (`id`),
  ADD UNIQUE KEY `crop_conflict_unique` (`organisation_id`,`species_id`,`crop_type_id`,`period`);

--
-- Indexes for table `crop_types`
--
ALTER TABLE `crop_types`
  ADD PRIMARY KEY (`id`);

--
-- Indexes for table `dynamic_fields`
--
ALTER TABLE `dynamic_fields`
  ADD PRIMARY KEY (`id`);

--
-- Indexes for table `dynamic_field_options`
--
ALTER TABLE `dynamic_field_options`
  ADD PRIMARY KEY (`id`);

--
-- Indexes for table `failed_jobs`
--
ALTER TABLE `failed_jobs`
  ADD PRIMARY KEY (`id`),
  ADD UNIQUE KEY `failed_jobs_uuid_unique` (`uuid`);

--
-- Indexes for table `genders`
--
ALTER TABLE `genders`
  ADD PRIMARY KEY (`id`);

--
-- Indexes for table `human_conflict_records`
--
ALTER TABLE `human_conflict_records`
  ADD PRIMARY KEY (`id`),
  ADD UNIQUE KEY `human_conflict_unique` (`organisation_id`,`species_id`,`gender_id`,`period`);

--
-- Indexes for table `human_resource_records`
--
ALTER TABLE `human_resource_records`
  ADD PRIMARY KEY (`id`),
  ADD KEY `human_resource_records_organisation_id_foreign` (`organisation_id`);

--
-- Indexes for table `hunting_activities`
--
ALTER TABLE `hunting_activities`
  ADD PRIMARY KEY (`id`),
  ADD KEY `hunting_activities_organisation_id_foreign` (`organisation_id`),
  ADD KEY `hunting_activities_hunting_concession_id_foreign` (`hunting_concession_id`),
  ADD KEY `hunting_activities_safari_id_foreign` (`safari_id`);

--
-- Indexes for table `hunting_activity_professional_hunter_licenses`
--
ALTER TABLE `hunting_activity_professional_hunter_licenses`
  ADD PRIMARY KEY (`id`);

--
-- Indexes for table `hunting_activity_species`
--
ALTER TABLE `hunting_activity_species`
  ADD PRIMARY KEY (`id`),
  ADD KEY `hunting_activity_species_hunting_activity_id_foreign` (`hunting_activity_id`),
  ADD KEY `hunting_activity_species_species_id_foreign` (`species_id`);

--
-- Indexes for table `hunting_concessions`
--
ALTER TABLE `hunting_concessions`
  ADD PRIMARY KEY (`id`);

--
-- Indexes for table `hunting_concession_ward`
--
ALTER TABLE `hunting_concession_ward`
  ADD PRIMARY KEY (`hunting_concession_id`,`ward_id`);

--
-- Indexes for table `hunting_out_comes`
--
ALTER TABLE `hunting_out_comes`
  ADD PRIMARY KEY (`id`);

--
-- Indexes for table `hunting_records`
--
ALTER TABLE `hunting_records`
  ADD PRIMARY KEY (`id`),
  ADD KEY `hunting_records_organisation_id_foreign` (`organisation_id`),
  ADD KEY `hunting_records_species_id_foreign` (`species_id`);

--
-- Indexes for table `identification_types`
--
ALTER TABLE `identification_types`
  ADD PRIMARY KEY (`id`);

--
-- Indexes for table `income_beneficiary_records`
--
ALTER TABLE `income_beneficiary_records`
  ADD PRIMARY KEY (`id`),
  ADD UNIQUE KEY `income_beneficiary_records_organisation_id_period_unique` (`organisation_id`,`period`);

--
-- Indexes for table `income_records`
--
ALTER TABLE `income_records`
  ADD PRIMARY KEY (`id`),
  ADD KEY `income_records_organisation_id_foreign` (`organisation_id`);

--
-- Indexes for table `income_use_records`
--
ALTER TABLE `income_use_records`
  ADD PRIMARY KEY (`id`),
  ADD UNIQUE KEY `income_use_records_organisation_id_period_unique` (`organisation_id`,`period`);

--
-- Indexes for table `jobs`
--
ALTER TABLE `jobs`
  ADD PRIMARY KEY (`id`),
  ADD KEY `jobs_queue_index` (`queue`);

--
-- Indexes for table `job_batches`
--
ALTER TABLE `job_batches`
  ADD PRIMARY KEY (`id`);

--
-- Indexes for table `live_stock_conflict_records`
--
ALTER TABLE `live_stock_conflict_records`
  ADD PRIMARY KEY (`id`),
  ADD UNIQUE KEY `livestock_conflict_unique` (`organisation_id`,`species_id`,`live_stock_type_id`,`period`);

--
-- Indexes for table `live_stock_types`
--
ALTER TABLE `live_stock_types`
  ADD PRIMARY KEY (`id`);

--
-- Indexes for table `maturities`
--
ALTER TABLE `maturities`
  ADD PRIMARY KEY (`id`);

--
-- Indexes for table `migrations`
--
ALTER TABLE `migrations`
  ADD PRIMARY KEY (`id`);

--
-- Indexes for table `model_has_permissions`
--
ALTER TABLE `model_has_permissions`
  ADD PRIMARY KEY (`organisation_id`,`permission_id`,`model_id`,`model_type`),
  ADD KEY `model_has_permissions_model_id_model_type_index` (`model_id`,`model_type`),
  ADD KEY `model_has_permissions_permission_id_foreign` (`permission_id`),
  ADD KEY `model_has_permissions_team_foreign_key_index` (`organisation_id`);

--
-- Indexes for table `model_has_roles`
--
ALTER TABLE `model_has_roles`
  ADD PRIMARY KEY (`organisation_id`,`role_id`,`model_id`,`model_type`),
  ADD KEY `model_has_roles_model_id_model_type_index` (`model_id`,`model_type`),
  ADD KEY `model_has_roles_role_id_foreign` (`role_id`),
  ADD KEY `model_has_roles_team_foreign_key_index` (`organisation_id`);

--
-- Indexes for table `modules`
--
ALTER TABLE `modules`
  ADD PRIMARY KEY (`id`),
  ADD UNIQUE KEY `modules_name_unique` (`name`);

--
-- Indexes for table `oauth_access_tokens`
--
ALTER TABLE `oauth_access_tokens`
  ADD PRIMARY KEY (`id`),
  ADD KEY `oauth_access_tokens_user_id_index` (`user_id`);

--
-- Indexes for table `oauth_auth_codes`
--
ALTER TABLE `oauth_auth_codes`
  ADD PRIMARY KEY (`id`),
  ADD KEY `oauth_auth_codes_user_id_index` (`user_id`);

--
-- Indexes for table `oauth_clients`
--
ALTER TABLE `oauth_clients`
  ADD PRIMARY KEY (`id`),
  ADD KEY `oauth_clients_user_id_index` (`user_id`);

--
-- Indexes for table `oauth_personal_access_clients`
--
ALTER TABLE `oauth_personal_access_clients`
  ADD PRIMARY KEY (`id`);

--
-- Indexes for table `oauth_refresh_tokens`
--
ALTER TABLE `oauth_refresh_tokens`
  ADD PRIMARY KEY (`id`),
  ADD KEY `oauth_refresh_tokens_access_token_id_index` (`access_token_id`);

--
-- Indexes for table `offence_types`
--
ALTER TABLE `offence_types`
  ADD PRIMARY KEY (`id`);

--
-- Indexes for table `organisations`
--
ALTER TABLE `organisations`
  ADD PRIMARY KEY (`id`);

--
-- Indexes for table `organisation_payable_items`
--
ALTER TABLE `organisation_payable_items`
  ADD PRIMARY KEY (`id`);

--
-- Indexes for table `organisation_payable_item_species`
--
ALTER TABLE `organisation_payable_item_species`
  ADD PRIMARY KEY (`id`);

--
-- Indexes for table `organisation_permissions`
--
ALTER TABLE `organisation_permissions`
  ADD PRIMARY KEY (`id`);

--
-- Indexes for table `organisation_types`
--
ALTER TABLE `organisation_types`
  ADD PRIMARY KEY (`id`);

--
-- Indexes for table `organisation_type_organisation_type`
--
ALTER TABLE `organisation_type_organisation_type`
  ADD PRIMARY KEY (`id`);

--
-- Indexes for table `organisation_users`
--
ALTER TABLE `organisation_users`
  ADD PRIMARY KEY (`id`);

--
-- Indexes for table `pac_control_measures`
--
ALTER TABLE `pac_control_measures`
  ADD PRIMARY KEY (`id`),
  ADD KEY `idx_pac_id` (`problem_animal_control_id`),
  ADD KEY `idx_cm_id` (`control_measure_id`);

--
-- Indexes for table `password_reset_tokens`
--
ALTER TABLE `password_reset_tokens`
  ADD PRIMARY KEY (`email`);

--
-- Indexes for table `payable_items`
--
ALTER TABLE `payable_items`
  ADD PRIMARY KEY (`id`);

--
-- Indexes for table `permissions`
--
ALTER TABLE `permissions`
  ADD PRIMARY KEY (`id`),
  ADD UNIQUE KEY `permissions_name_guard_name_unique` (`name`,`guard_name`);

--
-- Indexes for table `poachers`
--
ALTER TABLE `poachers`
  ADD PRIMARY KEY (`id`),
  ADD KEY `poachers_poaching_incident_id_foreign` (`poaching_incident_id`),
  ADD KEY `poachers_country_id_foreign` (`country_id`),
  ADD KEY `poachers_province_id_foreign` (`province_id`),
  ADD KEY `poachers_city_id_foreign` (`city_id`),
  ADD KEY `poachers_offence_type_id_foreign` (`offence_type_id`),
  ADD KEY `poachers_poacher_type_id_foreign` (`poacher_type_id`),
  ADD KEY `poachers_poaching_reason_id_foreign` (`poaching_reason_id`);

--
-- Indexes for table `poachers_records`
--
ALTER TABLE `poachers_records`
  ADD PRIMARY KEY (`id`),
  ADD UNIQUE KEY `poachers_record_unique` (`organisation_id`,`species_id`,`period`);

--
-- Indexes for table `poacher_types`
--
ALTER TABLE `poacher_types`
  ADD PRIMARY KEY (`id`);

--
-- Indexes for table `poaching_incidents`
--
ALTER TABLE `poaching_incidents`
  ADD PRIMARY KEY (`id`),
  ADD KEY `poaching_incidents_organisation_id_foreign` (`organisation_id`);

--
-- Indexes for table `poaching_incident_methods`
--
ALTER TABLE `poaching_incident_methods`
  ADD PRIMARY KEY (`id`),
  ADD KEY `poaching_incident_methods_poaching_incident_id_foreign` (`poaching_incident_id`),
  ADD KEY `poaching_incident_methods_poaching_method_id_foreign` (`poaching_method_id`);

--
-- Indexes for table `poaching_incident_species`
--
ALTER TABLE `poaching_incident_species`
  ADD PRIMARY KEY (`id`),
  ADD KEY `poaching_incident_species_poaching_incident_id_foreign` (`poaching_incident_id`),
  ADD KEY `poaching_incident_species_species_id_foreign` (`species_id`);

--
-- Indexes for table `poaching_methods`
--
ALTER TABLE `poaching_methods`
  ADD PRIMARY KEY (`id`);

--
-- Indexes for table `poaching_reasons`
--
ALTER TABLE `poaching_reasons`
  ADD PRIMARY KEY (`id`);

--
-- Indexes for table `poaching_records`
--
ALTER TABLE `poaching_records`
  ADD PRIMARY KEY (`id`),
  ADD UNIQUE KEY `poaching_record_unique` (`organisation_id`,`species_id`,`poaching_method_id`,`period`);

--
-- Indexes for table `problem_animal_controls`
--
ALTER TABLE `problem_animal_controls`
  ADD PRIMARY KEY (`id`),
  ADD KEY `problem_animal_controls_organisation_id_foreign` (`organisation_id`),
  ADD KEY `problem_animal_controls_wildlife_conflict_incident_id_foreign` (`wildlife_conflict_incident_id`);

--
-- Indexes for table `provinces`
--
ALTER TABLE `provinces`
  ADD PRIMARY KEY (`id`);

--
-- Indexes for table `quota_allocations`
--
ALTER TABLE `quota_allocations`
  ADD PRIMARY KEY (`id`),
  ADD KEY `quota_allocations_organisation_id_foreign` (`organisation_id`),
  ADD KEY `quota_allocations_species_id_foreign` (`species_id`);

--
-- Indexes for table `quota_allocation_balances`
--
ALTER TABLE `quota_allocation_balances`
  ADD PRIMARY KEY (`id`),
  ADD KEY `quota_allocation_balances_quota_allocation_id_foreign` (`quota_allocation_id`);

--
-- Indexes for table `roles`
--
ALTER TABLE `roles`
  ADD PRIMARY KEY (`id`),
  ADD UNIQUE KEY `roles_organisation_id_name_guard_name_unique` (`organisation_id`,`name`,`guard_name`),
  ADD KEY `roles_team_foreign_key_index` (`organisation_id`);

--
-- Indexes for table `role_has_permissions`
--
ALTER TABLE `role_has_permissions`
  ADD PRIMARY KEY (`permission_id`,`role_id`),
  ADD KEY `role_has_permissions_role_id_foreign` (`role_id`);

--
-- Indexes for table `sessions`
--
ALTER TABLE `sessions`
  ADD PRIMARY KEY (`id`),
  ADD KEY `sessions_user_id_index` (`user_id`),
  ADD KEY `sessions_last_activity_index` (`last_activity`);

--
-- Indexes for table `shots`
--
ALTER TABLE `shots`
  ADD PRIMARY KEY (`id`);

--
-- Indexes for table `source_of_income_records`
--
ALTER TABLE `source_of_income_records`
  ADD PRIMARY KEY (`id`),
  ADD UNIQUE KEY `source_of_income_records_organisation_id_period_unique` (`organisation_id`,`period`);

--
-- Indexes for table `species`
--
ALTER TABLE `species`
  ADD PRIMARY KEY (`id`);

--
-- Indexes for table `species_genders`
--
ALTER TABLE `species_genders`
  ADD PRIMARY KEY (`id`);

--
-- Indexes for table `transactions`
--
ALTER TABLE `transactions`
  ADD PRIMARY KEY (`id`),
  ADD UNIQUE KEY `transactions_reference_number_unique` (`reference_number`);

--
-- Indexes for table `transaction_payables`
--
ALTER TABLE `transaction_payables`
  ADD PRIMARY KEY (`id`),
  ADD UNIQUE KEY `transaction_payables_reference_number_unique` (`reference_number`);

--
-- Indexes for table `users`
--
ALTER TABLE `users`
  ADD PRIMARY KEY (`id`),
  ADD UNIQUE KEY `users_email_unique` (`email`);

--
-- Indexes for table `wildlife_conflict_dynamic_values`
--
ALTER TABLE `wildlife_conflict_dynamic_values`
  ADD PRIMARY KEY (`id`),
  ADD UNIQUE KEY `wco_field_unique` (`wildlife_conflict_outcome_id`,`dynamic_field_id`),
  ADD KEY `wcdv_field_fk` (`dynamic_field_id`);

--
-- Indexes for table `wildlife_conflict_incidents`
--
ALTER TABLE `wildlife_conflict_incidents`
  ADD PRIMARY KEY (`id`),
  ADD KEY `wildlife_conflict_incidents_organisation_id_foreign` (`organisation_id`);

--
-- Indexes for table `wildlife_conflict_incident_species`
--
ALTER TABLE `wildlife_conflict_incident_species`
  ADD PRIMARY KEY (`id`),
  ADD KEY `fk_wc_incident_id` (`wildlife_conflict_incident_id`),
  ADD KEY `wildlife_conflict_incident_species_species_id_foreign` (`species_id`);

--
-- Indexes for table `wildlife_conflict_outcomes`
--
ALTER TABLE `wildlife_conflict_outcomes`
  ADD PRIMARY KEY (`id`),
  ADD UNIQUE KEY `wci_outcome_unique` (`wildlife_conflict_incident_id`,`conflict_out_come_id`),
  ADD KEY `wco_outcome_fk` (`conflict_out_come_id`);

--
-- AUTO_INCREMENT for dumped tables
--

--
-- AUTO_INCREMENT for table `animal_control_records`
--
ALTER TABLE `animal_control_records`
  MODIFY `id` bigint(20) UNSIGNED NOT NULL AUTO_INCREMENT;

--
-- AUTO_INCREMENT for table `categories`
--
ALTER TABLE `categories`
  MODIFY `id` bigint(20) UNSIGNED NOT NULL AUTO_INCREMENT, AUTO_INCREMENT=4;

--
-- AUTO_INCREMENT for table `cities`
--
ALTER TABLE `cities`
  MODIFY `id` bigint(20) UNSIGNED NOT NULL AUTO_INCREMENT, AUTO_INCREMENT=401;

--
-- AUTO_INCREMENT for table `conflict_outcome_dynamic_field_values`
--
ALTER TABLE `conflict_outcome_dynamic_field_values`
  MODIFY `id` bigint(20) UNSIGNED NOT NULL AUTO_INCREMENT;

--
-- AUTO_INCREMENT for table `conflict_out_comes`
--
ALTER TABLE `conflict_out_comes`
  MODIFY `id` bigint(20) UNSIGNED NOT NULL AUTO_INCREMENT, AUTO_INCREMENT=9;

--
-- AUTO_INCREMENT for table `conflict_records`
--
ALTER TABLE `conflict_records`
  MODIFY `id` bigint(20) UNSIGNED NOT NULL AUTO_INCREMENT;

--
-- AUTO_INCREMENT for table `conflict_types`
--
ALTER TABLE `conflict_types`
  MODIFY `id` bigint(20) UNSIGNED NOT NULL AUTO_INCREMENT, AUTO_INCREMENT=3;

--
-- AUTO_INCREMENT for table `control_measures`
--
ALTER TABLE `control_measures`
  MODIFY `id` bigint(20) UNSIGNED NOT NULL AUTO_INCREMENT, AUTO_INCREMENT=24;

--
-- AUTO_INCREMENT for table `counting_methods`
--
ALTER TABLE `counting_methods`
  MODIFY `id` bigint(20) UNSIGNED NOT NULL AUTO_INCREMENT, AUTO_INCREMENT=14;

--
-- AUTO_INCREMENT for table `countries`
--
ALTER TABLE `countries`
  MODIFY `id` bigint(20) UNSIGNED NOT NULL AUTO_INCREMENT, AUTO_INCREMENT=231;

--
-- AUTO_INCREMENT for table `crop_conflict_records`
--
ALTER TABLE `crop_conflict_records`
  MODIFY `id` bigint(20) UNSIGNED NOT NULL AUTO_INCREMENT;

--
-- AUTO_INCREMENT for table `crop_types`
--
ALTER TABLE `crop_types`
  MODIFY `id` bigint(20) UNSIGNED NOT NULL AUTO_INCREMENT, AUTO_INCREMENT=15;

--
-- AUTO_INCREMENT for table `dynamic_fields`
--
ALTER TABLE `dynamic_fields`
  MODIFY `id` bigint(20) UNSIGNED NOT NULL AUTO_INCREMENT;

--
-- AUTO_INCREMENT for table `dynamic_field_options`
--
ALTER TABLE `dynamic_field_options`
  MODIFY `id` bigint(20) UNSIGNED NOT NULL AUTO_INCREMENT;

--
-- AUTO_INCREMENT for table `failed_jobs`
--
ALTER TABLE `failed_jobs`
  MODIFY `id` bigint(20) UNSIGNED NOT NULL AUTO_INCREMENT;

--
-- AUTO_INCREMENT for table `genders`
--
ALTER TABLE `genders`
  MODIFY `id` bigint(20) UNSIGNED NOT NULL AUTO_INCREMENT, AUTO_INCREMENT=3;

--
-- AUTO_INCREMENT for table `human_conflict_records`
--
ALTER TABLE `human_conflict_records`
  MODIFY `id` bigint(20) UNSIGNED NOT NULL AUTO_INCREMENT;

--
-- AUTO_INCREMENT for table `human_resource_records`
--
ALTER TABLE `human_resource_records`
  MODIFY `id` bigint(20) UNSIGNED NOT NULL AUTO_INCREMENT;

--
-- AUTO_INCREMENT for table `hunting_activities`
--
ALTER TABLE `hunting_activities`
  MODIFY `id` bigint(20) UNSIGNED NOT NULL AUTO_INCREMENT;

--
-- AUTO_INCREMENT for table `hunting_activity_professional_hunter_licenses`
--
ALTER TABLE `hunting_activity_professional_hunter_licenses`
  MODIFY `id` bigint(20) UNSIGNED NOT NULL AUTO_INCREMENT;

--
-- AUTO_INCREMENT for table `hunting_activity_species`
--
ALTER TABLE `hunting_activity_species`
  MODIFY `id` bigint(20) UNSIGNED NOT NULL AUTO_INCREMENT;

--
-- AUTO_INCREMENT for table `hunting_concessions`
--
ALTER TABLE `hunting_concessions`
  MODIFY `id` bigint(20) UNSIGNED NOT NULL AUTO_INCREMENT;

--
-- AUTO_INCREMENT for table `hunting_out_comes`
--
ALTER TABLE `hunting_out_comes`
  MODIFY `id` bigint(20) UNSIGNED NOT NULL AUTO_INCREMENT, AUTO_INCREMENT=5;

--
-- AUTO_INCREMENT for table `hunting_records`
--
ALTER TABLE `hunting_records`
  MODIFY `id` bigint(20) UNSIGNED NOT NULL AUTO_INCREMENT;

--
-- AUTO_INCREMENT for table `identification_types`
--
ALTER TABLE `identification_types`
  MODIFY `id` bigint(20) UNSIGNED NOT NULL AUTO_INCREMENT, AUTO_INCREMENT=3;

--
-- AUTO_INCREMENT for table `income_beneficiary_records`
--
ALTER TABLE `income_beneficiary_records`
  MODIFY `id` bigint(20) UNSIGNED NOT NULL AUTO_INCREMENT;

--
-- AUTO_INCREMENT for table `income_records`
--
ALTER TABLE `income_records`
  MODIFY `id` bigint(20) UNSIGNED NOT NULL AUTO_INCREMENT;

--
-- AUTO_INCREMENT for table `income_use_records`
--
ALTER TABLE `income_use_records`
  MODIFY `id` bigint(20) UNSIGNED NOT NULL AUTO_INCREMENT;

--
-- AUTO_INCREMENT for table `jobs`
--
ALTER TABLE `jobs`
  MODIFY `id` bigint(20) UNSIGNED NOT NULL AUTO_INCREMENT;

--
-- AUTO_INCREMENT for table `live_stock_conflict_records`
--
ALTER TABLE `live_stock_conflict_records`
  MODIFY `id` bigint(20) UNSIGNED NOT NULL AUTO_INCREMENT;

--
-- AUTO_INCREMENT for table `live_stock_types`
--
ALTER TABLE `live_stock_types`
  MODIFY `id` bigint(20) UNSIGNED NOT NULL AUTO_INCREMENT, AUTO_INCREMENT=14;

--
-- AUTO_INCREMENT for table `maturities`
--
ALTER TABLE `maturities`
  MODIFY `id` bigint(20) UNSIGNED NOT NULL AUTO_INCREMENT, AUTO_INCREMENT=3;

--
-- AUTO_INCREMENT for table `migrations`
--
ALTER TABLE `migrations`
  MODIFY `id` int(10) UNSIGNED NOT NULL AUTO_INCREMENT, AUTO_INCREMENT=75;

--
-- AUTO_INCREMENT for table `modules`
--
ALTER TABLE `modules`
  MODIFY `id` bigint(20) UNSIGNED NOT NULL AUTO_INCREMENT, AUTO_INCREMENT=15;

--
-- AUTO_INCREMENT for table `oauth_clients`
--
ALTER TABLE `oauth_clients`
  MODIFY `id` bigint(20) UNSIGNED NOT NULL AUTO_INCREMENT;

--
-- AUTO_INCREMENT for table `oauth_personal_access_clients`
--
ALTER TABLE `oauth_personal_access_clients`
  MODIFY `id` bigint(20) UNSIGNED NOT NULL AUTO_INCREMENT;

--
-- AUTO_INCREMENT for table `offence_types`
--
ALTER TABLE `offence_types`
  MODIFY `id` bigint(20) UNSIGNED NOT NULL AUTO_INCREMENT, AUTO_INCREMENT=3;

--
-- AUTO_INCREMENT for table `organisations`
--
ALTER TABLE `organisations`
  MODIFY `id` bigint(20) UNSIGNED NOT NULL AUTO_INCREMENT, AUTO_INCREMENT=48;

--
-- AUTO_INCREMENT for table `organisation_payable_items`
--
ALTER TABLE `organisation_payable_items`
  MODIFY `id` bigint(20) UNSIGNED NOT NULL AUTO_INCREMENT;

--
-- AUTO_INCREMENT for table `organisation_payable_item_species`
--
ALTER TABLE `organisation_payable_item_species`
  MODIFY `id` bigint(20) UNSIGNED NOT NULL AUTO_INCREMENT;

--
-- AUTO_INCREMENT for table `organisation_permissions`
--
ALTER TABLE `organisation_permissions`
  MODIFY `id` bigint(20) UNSIGNED NOT NULL AUTO_INCREMENT;

--
-- AUTO_INCREMENT for table `organisation_types`
--
ALTER TABLE `organisation_types`
  MODIFY `id` bigint(20) UNSIGNED NOT NULL AUTO_INCREMENT, AUTO_INCREMENT=14;

--
-- AUTO_INCREMENT for table `organisation_type_organisation_type`
--
ALTER TABLE `organisation_type_organisation_type`
  MODIFY `id` bigint(20) UNSIGNED NOT NULL AUTO_INCREMENT, AUTO_INCREMENT=13;

--
-- AUTO_INCREMENT for table `organisation_users`
--
ALTER TABLE `organisation_users`
  MODIFY `id` bigint(20) UNSIGNED NOT NULL AUTO_INCREMENT, AUTO_INCREMENT=2;

--
-- AUTO_INCREMENT for table `pac_control_measures`
--
ALTER TABLE `pac_control_measures`
  MODIFY `id` bigint(20) UNSIGNED NOT NULL AUTO_INCREMENT;

--
-- AUTO_INCREMENT for table `payable_items`
--
ALTER TABLE `payable_items`
  MODIFY `id` bigint(20) UNSIGNED NOT NULL AUTO_INCREMENT, AUTO_INCREMENT=28;

--
-- AUTO_INCREMENT for table `permissions`
--
ALTER TABLE `permissions`
  MODIFY `id` bigint(20) UNSIGNED NOT NULL AUTO_INCREMENT, AUTO_INCREMENT=71;

--
-- AUTO_INCREMENT for table `poachers`
--
ALTER TABLE `poachers`
  MODIFY `id` bigint(20) UNSIGNED NOT NULL AUTO_INCREMENT;

--
-- AUTO_INCREMENT for table `poachers_records`
--
ALTER TABLE `poachers_records`
  MODIFY `id` bigint(20) UNSIGNED NOT NULL AUTO_INCREMENT;

--
-- AUTO_INCREMENT for table `poacher_types`
--
ALTER TABLE `poacher_types`
  MODIFY `id` bigint(20) UNSIGNED NOT NULL AUTO_INCREMENT, AUTO_INCREMENT=7;

--
-- AUTO_INCREMENT for table `poaching_incidents`
--
ALTER TABLE `poaching_incidents`
  MODIFY `id` bigint(20) UNSIGNED NOT NULL AUTO_INCREMENT;

--
-- AUTO_INCREMENT for table `poaching_incident_methods`
--
ALTER TABLE `poaching_incident_methods`
  MODIFY `id` bigint(20) UNSIGNED NOT NULL AUTO_INCREMENT;

--
-- AUTO_INCREMENT for table `poaching_incident_species`
--
ALTER TABLE `poaching_incident_species`
  MODIFY `id` bigint(20) UNSIGNED NOT NULL AUTO_INCREMENT;

--
-- AUTO_INCREMENT for table `poaching_methods`
--
ALTER TABLE `poaching_methods`
  MODIFY `id` bigint(20) UNSIGNED NOT NULL AUTO_INCREMENT, AUTO_INCREMENT=10;

--
-- AUTO_INCREMENT for table `poaching_reasons`
--
ALTER TABLE `poaching_reasons`
  MODIFY `id` bigint(20) UNSIGNED NOT NULL AUTO_INCREMENT, AUTO_INCREMENT=3;

--
-- AUTO_INCREMENT for table `poaching_records`
--
ALTER TABLE `poaching_records`
  MODIFY `id` bigint(20) UNSIGNED NOT NULL AUTO_INCREMENT;

--
-- AUTO_INCREMENT for table `problem_animal_controls`
--
ALTER TABLE `problem_animal_controls`
  MODIFY `id` bigint(20) UNSIGNED NOT NULL AUTO_INCREMENT;

--
-- AUTO_INCREMENT for table `provinces`
--
ALTER TABLE `provinces`
  MODIFY `id` bigint(20) UNSIGNED NOT NULL AUTO_INCREMENT, AUTO_INCREMENT=11;

--
-- AUTO_INCREMENT for table `quota_allocations`
--
ALTER TABLE `quota_allocations`
  MODIFY `id` bigint(20) UNSIGNED NOT NULL AUTO_INCREMENT;

--
-- AUTO_INCREMENT for table `quota_allocation_balances`
--
ALTER TABLE `quota_allocation_balances`
  MODIFY `id` bigint(20) UNSIGNED NOT NULL AUTO_INCREMENT;

--
-- AUTO_INCREMENT for table `roles`
--
ALTER TABLE `roles`
  MODIFY `id` bigint(20) UNSIGNED NOT NULL AUTO_INCREMENT, AUTO_INCREMENT=49;

--
-- AUTO_INCREMENT for table `shots`
--
ALTER TABLE `shots`
  MODIFY `id` bigint(20) UNSIGNED NOT NULL AUTO_INCREMENT;

--
-- AUTO_INCREMENT for table `source_of_income_records`
--
ALTER TABLE `source_of_income_records`
  MODIFY `id` bigint(20) UNSIGNED NOT NULL AUTO_INCREMENT;

--
-- AUTO_INCREMENT for table `species`
--
ALTER TABLE `species`
  MODIFY `id` bigint(20) UNSIGNED NOT NULL AUTO_INCREMENT, AUTO_INCREMENT=16;

--
-- AUTO_INCREMENT for table `species_genders`
--
ALTER TABLE `species_genders`
  MODIFY `id` bigint(20) UNSIGNED NOT NULL AUTO_INCREMENT, AUTO_INCREMENT=4;

--
-- AUTO_INCREMENT for table `transactions`
--
ALTER TABLE `transactions`
  MODIFY `id` bigint(20) UNSIGNED NOT NULL AUTO_INCREMENT;

--
-- AUTO_INCREMENT for table `transaction_payables`
--
ALTER TABLE `transaction_payables`
  MODIFY `id` bigint(20) UNSIGNED NOT NULL AUTO_INCREMENT;

--
-- AUTO_INCREMENT for table `users`
--
ALTER TABLE `users`
  MODIFY `id` bigint(20) UNSIGNED NOT NULL AUTO_INCREMENT, AUTO_INCREMENT=2;

--
-- AUTO_INCREMENT for table `wildlife_conflict_dynamic_values`
--
ALTER TABLE `wildlife_conflict_dynamic_values`
  MODIFY `id` bigint(20) UNSIGNED NOT NULL AUTO_INCREMENT;

--
-- AUTO_INCREMENT for table `wildlife_conflict_incidents`
--
ALTER TABLE `wildlife_conflict_incidents`
  MODIFY `id` bigint(20) UNSIGNED NOT NULL AUTO_INCREMENT;

--
-- AUTO_INCREMENT for table `wildlife_conflict_incident_species`
--
ALTER TABLE `wildlife_conflict_incident_species`
  MODIFY `id` bigint(20) UNSIGNED NOT NULL AUTO_INCREMENT;

--
-- AUTO_INCREMENT for table `wildlife_conflict_outcomes`
--
ALTER TABLE `wildlife_conflict_outcomes`
  MODIFY `id` bigint(20) UNSIGNED NOT NULL AUTO_INCREMENT;

--
-- Constraints for dumped tables
--

--
-- Constraints for table `cities`
--
ALTER TABLE `cities`
  ADD CONSTRAINT `cities_province_id_foreign` FOREIGN KEY (`province_id`) REFERENCES `provinces` (`id`);

--
-- Constraints for table `human_resource_records`
--
ALTER TABLE `human_resource_records`
  ADD CONSTRAINT `human_resource_records_organisation_id_foreign` FOREIGN KEY (`organisation_id`) REFERENCES `organisations` (`id`) ON DELETE CASCADE;

--
-- Constraints for table `hunting_activities`
--
ALTER TABLE `hunting_activities`
  ADD CONSTRAINT `hunting_activities_hunting_concession_id_foreign` FOREIGN KEY (`hunting_concession_id`) REFERENCES `hunting_concessions` (`id`) ON DELETE CASCADE,
  ADD CONSTRAINT `hunting_activities_organisation_id_foreign` FOREIGN KEY (`organisation_id`) REFERENCES `organisations` (`id`) ON DELETE CASCADE,
  ADD CONSTRAINT `hunting_activities_safari_id_foreign` FOREIGN KEY (`safari_id`) REFERENCES `organisations` (`id`) ON DELETE SET NULL;

--
-- Constraints for table `hunting_activity_species`
--
ALTER TABLE `hunting_activity_species`
  ADD CONSTRAINT `hunting_activity_species_hunting_activity_id_foreign` FOREIGN KEY (`hunting_activity_id`) REFERENCES `hunting_activities` (`id`) ON DELETE CASCADE,
  ADD CONSTRAINT `hunting_activity_species_species_id_foreign` FOREIGN KEY (`species_id`) REFERENCES `species` (`id`) ON DELETE CASCADE;

--
-- Constraints for table `hunting_records`
--
ALTER TABLE `hunting_records`
  ADD CONSTRAINT `hunting_records_organisation_id_foreign` FOREIGN KEY (`organisation_id`) REFERENCES `organisations` (`id`) ON DELETE CASCADE,
  ADD CONSTRAINT `hunting_records_species_id_foreign` FOREIGN KEY (`species_id`) REFERENCES `species` (`id`) ON DELETE CASCADE;

--
-- Constraints for table `income_beneficiary_records`
--
ALTER TABLE `income_beneficiary_records`
  ADD CONSTRAINT `income_beneficiary_records_organisation_id_foreign` FOREIGN KEY (`organisation_id`) REFERENCES `organisations` (`id`) ON DELETE CASCADE;

--
-- Constraints for table `income_records`
--
ALTER TABLE `income_records`
  ADD CONSTRAINT `income_records_organisation_id_foreign` FOREIGN KEY (`organisation_id`) REFERENCES `organisations` (`id`) ON DELETE CASCADE;

--
-- Constraints for table `income_use_records`
--
ALTER TABLE `income_use_records`
  ADD CONSTRAINT `income_use_records_organisation_id_foreign` FOREIGN KEY (`organisation_id`) REFERENCES `organisations` (`id`) ON DELETE CASCADE;

--
-- Constraints for table `model_has_permissions`
--
ALTER TABLE `model_has_permissions`
  ADD CONSTRAINT `model_has_permissions_permission_id_foreign` FOREIGN KEY (`permission_id`) REFERENCES `permissions` (`id`) ON DELETE CASCADE;

--
-- Constraints for table `model_has_roles`
--
ALTER TABLE `model_has_roles`
  ADD CONSTRAINT `model_has_roles_role_id_foreign` FOREIGN KEY (`role_id`) REFERENCES `roles` (`id`) ON DELETE CASCADE;

--
-- Constraints for table `pac_control_measures`
--
ALTER TABLE `pac_control_measures`
  ADD CONSTRAINT `pac_fk_1` FOREIGN KEY (`problem_animal_control_id`) REFERENCES `problem_animal_controls` (`id`) ON DELETE CASCADE,
  ADD CONSTRAINT `pac_fk_2` FOREIGN KEY (`control_measure_id`) REFERENCES `control_measures` (`id`) ON DELETE CASCADE;

--
-- Constraints for table `poachers`
--
ALTER TABLE `poachers`
  ADD CONSTRAINT `poachers_city_id_foreign` FOREIGN KEY (`city_id`) REFERENCES `cities` (`id`) ON DELETE SET NULL,
  ADD CONSTRAINT `poachers_country_id_foreign` FOREIGN KEY (`country_id`) REFERENCES `countries` (`id`) ON DELETE SET NULL,
  ADD CONSTRAINT `poachers_offence_type_id_foreign` FOREIGN KEY (`offence_type_id`) REFERENCES `offence_types` (`id`) ON DELETE SET NULL,
  ADD CONSTRAINT `poachers_poacher_type_id_foreign` FOREIGN KEY (`poacher_type_id`) REFERENCES `poacher_types` (`id`) ON DELETE SET NULL,
  ADD CONSTRAINT `poachers_poaching_incident_id_foreign` FOREIGN KEY (`poaching_incident_id`) REFERENCES `poaching_incidents` (`id`) ON DELETE CASCADE,
  ADD CONSTRAINT `poachers_poaching_reason_id_foreign` FOREIGN KEY (`poaching_reason_id`) REFERENCES `poaching_reasons` (`id`) ON DELETE SET NULL,
  ADD CONSTRAINT `poachers_province_id_foreign` FOREIGN KEY (`province_id`) REFERENCES `provinces` (`id`) ON DELETE SET NULL;

--
-- Constraints for table `poaching_incidents`
--
ALTER TABLE `poaching_incidents`
  ADD CONSTRAINT `poaching_incidents_organisation_id_foreign` FOREIGN KEY (`organisation_id`) REFERENCES `organisations` (`id`) ON DELETE CASCADE;

--
-- Constraints for table `poaching_incident_methods`
--
ALTER TABLE `poaching_incident_methods`
  ADD CONSTRAINT `poaching_incident_methods_poaching_incident_id_foreign` FOREIGN KEY (`poaching_incident_id`) REFERENCES `poaching_incidents` (`id`) ON DELETE CASCADE,
  ADD CONSTRAINT `poaching_incident_methods_poaching_method_id_foreign` FOREIGN KEY (`poaching_method_id`) REFERENCES `poaching_methods` (`id`) ON DELETE CASCADE;

--
-- Constraints for table `poaching_incident_species`
--
ALTER TABLE `poaching_incident_species`
  ADD CONSTRAINT `poaching_incident_species_poaching_incident_id_foreign` FOREIGN KEY (`poaching_incident_id`) REFERENCES `poaching_incidents` (`id`) ON DELETE CASCADE,
  ADD CONSTRAINT `poaching_incident_species_species_id_foreign` FOREIGN KEY (`species_id`) REFERENCES `species` (`id`) ON DELETE CASCADE;

--
-- Constraints for table `problem_animal_controls`
--
ALTER TABLE `problem_animal_controls`
  ADD CONSTRAINT `problem_animal_controls_organisation_id_foreign` FOREIGN KEY (`organisation_id`) REFERENCES `organisations` (`id`) ON DELETE CASCADE,
  ADD CONSTRAINT `problem_animal_controls_wildlife_conflict_incident_id_foreign` FOREIGN KEY (`wildlife_conflict_incident_id`) REFERENCES `wildlife_conflict_incidents` (`id`) ON DELETE CASCADE;

--
-- Constraints for table `quota_allocations`
--
ALTER TABLE `quota_allocations`
  ADD CONSTRAINT `quota_allocations_organisation_id_foreign` FOREIGN KEY (`organisation_id`) REFERENCES `organisations` (`id`) ON DELETE CASCADE,
  ADD CONSTRAINT `quota_allocations_species_id_foreign` FOREIGN KEY (`species_id`) REFERENCES `species` (`id`) ON DELETE CASCADE;

--
-- Constraints for table `quota_allocation_balances`
--
ALTER TABLE `quota_allocation_balances`
  ADD CONSTRAINT `quota_allocation_balances_quota_allocation_id_foreign` FOREIGN KEY (`quota_allocation_id`) REFERENCES `quota_allocations` (`id`) ON DELETE CASCADE;

--
-- Constraints for table `role_has_permissions`
--
ALTER TABLE `role_has_permissions`
  ADD CONSTRAINT `role_has_permissions_permission_id_foreign` FOREIGN KEY (`permission_id`) REFERENCES `permissions` (`id`) ON DELETE CASCADE,
  ADD CONSTRAINT `role_has_permissions_role_id_foreign` FOREIGN KEY (`role_id`) REFERENCES `roles` (`id`) ON DELETE CASCADE;

--
-- Constraints for table `source_of_income_records`
--
ALTER TABLE `source_of_income_records`
  ADD CONSTRAINT `source_of_income_records_organisation_id_foreign` FOREIGN KEY (`organisation_id`) REFERENCES `organisations` (`id`) ON DELETE CASCADE;

--
-- Constraints for table `wildlife_conflict_dynamic_values`
--
ALTER TABLE `wildlife_conflict_dynamic_values`
  ADD CONSTRAINT `wcdv_field_fk` FOREIGN KEY (`dynamic_field_id`) REFERENCES `dynamic_fields` (`id`) ON DELETE CASCADE,
  ADD CONSTRAINT `wcdv_outcome_fk` FOREIGN KEY (`wildlife_conflict_outcome_id`) REFERENCES `wildlife_conflict_outcomes` (`id`) ON DELETE CASCADE;

--
-- Constraints for table `wildlife_conflict_incidents`
--
ALTER TABLE `wildlife_conflict_incidents`
  ADD CONSTRAINT `wildlife_conflict_incidents_organisation_id_foreign` FOREIGN KEY (`organisation_id`) REFERENCES `organisations` (`id`) ON DELETE CASCADE;

--
-- Constraints for table `wildlife_conflict_incident_species`
--
ALTER TABLE `wildlife_conflict_incident_species`
  ADD CONSTRAINT `fk_wc_incident_id` FOREIGN KEY (`wildlife_conflict_incident_id`) REFERENCES `wildlife_conflict_incidents` (`id`) ON DELETE CASCADE,
  ADD CONSTRAINT `wildlife_conflict_incident_species_species_id_foreign` FOREIGN KEY (`species_id`) REFERENCES `species` (`id`) ON DELETE CASCADE;

--
-- Constraints for table `wildlife_conflict_outcomes`
--
ALTER TABLE `wildlife_conflict_outcomes`
  ADD CONSTRAINT `wco_incident_fk` FOREIGN KEY (`wildlife_conflict_incident_id`) REFERENCES `wildlife_conflict_incidents` (`id`) ON DELETE CASCADE,
  ADD CONSTRAINT `wco_outcome_fk` FOREIGN KEY (`conflict_out_come_id`) REFERENCES `conflict_out_comes` (`id`) ON DELETE CASCADE;
COMMIT;

/*!40101 SET CHARACTER_SET_CLIENT=@OLD_CHARACTER_SET_CLIENT */;
/*!40101 SET CHARACTER_SET_RESULTS=@OLD_CHARACTER_SET_RESULTS */;
/*!40101 SET COLLATION_CONNECTION=@OLD_COLLATION_CONNECTION */;
